[
  {
    "model": "user.userprofile",
    "pk": 1,
    "fields": {
      "developer": true,
      "is_verified": true,
      "last_otp_for_time": null,
      "otp_secret": null,
      "user": 2
    }
  },
  {
    "model": "user.userprofile",
    "pk": 2,
    "fields": {
      "developer": false,
      "is_verified": true,
      "last_otp_for_time": null,
      "otp_secret": null,
      "user": 3
    }
  },
  {
    "model": "user.userprofile",
    "pk": 3,
    "fields": {
      "developer": false,
      "is_verified": true,
      "last_otp_for_time": null,
      "otp_secret": null,
      "user": 4
    }
  },
  {
    "model": "user.userprofile",
    "pk": 4,
    "fields": {
      "developer": true,
      "is_verified": true,
      "last_otp_for_time": null,
      "otp_secret": null,
      "user": 5
    }
  },
  {
    "model": "user.userprofile",
    "pk": 5,
    "fields": {
      "developer": false,
      "is_verified": true,
      "last_otp_for_time": null,
      "otp_secret": null,
      "user": 6
    }
  },
  {
    "model": "user.userprofile",
    "pk": 6,
    "fields": {
      "developer": false,
      "is_verified": true,
      "last_otp_for_time": null,
      "otp_secret": null,
      "user": 7
    }
  },
  {
    "model": "user.userprofile",
    "pk": 7,
    "fields": {
      "developer": false,
      "is_verified": true,
      "last_otp_for_time": null,
      "otp_secret": null,
      "user": 8
    }
  },
  {
    "model": "user.userprofile",
    "pk": 8,
    "fields": {
      "developer": false,
      "is_verified": true,
      "last_otp_for_time": null,
      "otp_secret": null,
      "user": 9
    }
  },
  {
    "model": "user.userprofile",
    "pk": 9,
    "fields": {
      "developer": false,
      "is_verified": true,
      "last_otp_for_time": null,
      "otp_secret": null,
      "user": 10
    }
  },
  {
    "model": "user.userprofile",
    "pk": 10,
    "fields": {
      "developer": false,
      "is_verified": true,
      "last_otp_for_time": null,
      "otp_secret": null,
      "user": 11
    }
  },
  {
    "model": "user.userprofile",
    "pk": 11,
    "fields": {
      "developer": false,
      "is_verified": true,
      "last_otp_for_time": null,
      "otp_secret": null,
      "user": 12
    }
  },
  {
    "model": "user.userprofile",
    "pk": 12,
    "fields": {
      "developer": false,
      "is_verified": true,
      "last_otp_for_time": null,
      "otp_secret": null,
      "user": 13
    }
  },
  {
    "model": "user.userprofile",
    "pk": 13,
    "fields": {
      "developer": false,
      "is_verified": true,
      "last_otp_for_time": null,
      "otp_secret": null,
      "user": 14
    }
  },
  {
    "model": "user.userprofile",
    "pk": 14,
    "fields": {
      "developer": false,
      "is_verified": true,
      "last_otp_for_time": null,
      "otp_secret": null,
      "user": 15
    }
  },
  {
    "model": "user.userprofile",
    "pk": 15,
    "fields": {
      "developer": false,
      "is_verified": true,
      "last_otp_for_time": null,
      "otp_secret": null,
      "user": 16
    }
  },
  {
    "model": "user.userprofile",
    "pk": 16,
    "fields": {
      "developer": false,
      "is_verified": true,
      "last_otp_for_time": null,
      "otp_secret": null,
      "user": 17
    }
  },
  {
    "model": "user.userprofile",
    "pk": 17,
    "fields": {
      "developer": false,
      "is_verified": true,
      "last_otp_for_time": null,
      "otp_secret": null,
      "user": 18
    }
  },
  {
    "model": "user.userprofile",
    "pk": 18,
    "fields": {
      "developer": false,
      "is_verified": true,
      "last_otp_for_time": null,
      "otp_secret": null,
      "user": 19
    }
  },
  {
    "model": "user.userprofile",
    "pk": 19,
    "fields": {
      "developer": false,
      "is_verified": true,
      "last_otp_for_time": null,
      "otp_secret": null,
      "user": 20
    }
  },
  {
    "model": "user.userprofile",
    "pk": 20,
    "fields": {
      "developer": false,
      "is_verified": true,
      "last_otp_for_time": null,
      "otp_secret": null,
      "user": 1
    }
  },
  {
    "model": "user.userprofile",
    "pk": 21,
    "fields": {
      "developer": false,
      "is_verified": false,
      "last_otp_for_time": null,
      "otp_secret": null,
      "user": 21
    }
  },
  {
    "model": "user.school",
    "pk": 1,
    "fields": {
      "country": "GB",
      "county_enc": "ZmFrZV9lbmM6l7av2jdw+0G9Q+RDIsM7lR9somu89lQem87teDVsvg==",
      "county_plain": "nan",
      "creation_time": null,
      "dek": "ZmFrZV9lbmM6+bOK8/jOfj3VDE4HWSqQTMr9+j/QCITdy63oBgTo7tLAfLBvdQBtdP9NkAe1hRpvA8yHhxE9Wd+nBwvh",
      "is_active": true,
      "name_enc": "ZmFrZV9lbmM6OZ5fpw/7lnlu6VCmZ1D9j/ypiKMWMpPS4xgpUVojgcT7kmoAI8VUeao08V7yLsHnE+SyTew=",
      "name_plain": "Swiss Federal Polytechnic"
    }
  },
  {
    "model": "user.teacher",
    "pk": 1,
    "fields": {
      "blocked_time": null,
      "invited_by": null,
      "is_admin": true,
      "new_user": 2,
      "school": 1,
      "user": 1
    }
  },
  {
    "model": "user.teacher",
    "pk": 2,
    "fields": {
      "blocked_time": null,
      "invited_by": null,
      "is_admin": false,
      "new_user": 3,
      "school": 1,
      "user": 2
    }
  },
  {
    "model": "user.teacher",
    "pk": 3,
    "fields": {
      "blocked_time": null,
      "invited_by": null,
      "is_admin": true,
      "new_user": 4,
      "school": 1,
      "user": 3
    }
  },
  {
    "model": "user.teacher",
    "pk": 4,
    "fields": {
      "blocked_time": null,
      "invited_by": null,
      "is_admin": true,
      "new_user": 1,
      "school": 1,
      "user": 20
    }
  },
  {
    "model": "user.class",
    "pk": 1,
    "fields": {
      "accept_requests_until": null,
      "access_code_enc": "ZmFrZV9lbmM6yepC98pMREdly4JPlDeSOnh4SE5txcFKptSmTM+RP03F",
      "access_code_hash": "AB123",
      "access_code_plain": "AB123",
      "always_accept_requests": true,
      "classmates_data_viewable": true,
      "created_by": null,
      "creation_time": null,
      "is_active": true,
      "name_enc": "ZmFrZV9lbmM6rfVJBo3PCRlQYodcqpqSFxZp7dYSoex1a8m6nuPs+pP1xkSkBg==",
      "name_plain": "Class 101",
      "teacher": 1
    }
  },
  {
    "model": "user.class",
    "pk": 2,
    "fields": {
      "accept_requests_until": null,
      "access_code_enc": "ZmFrZV9lbmM633mwB2JzuTaoAcD+HEj6ZQUYY9ZM2Ch0gwrBtbawUJce",
      "access_code_hash": "AB124",
      "access_code_plain": "AB124",
      "always_accept_requests": true,
      "classmates_data_viewable": true,
      "created_by": null,
      "creation_time": null,
      "is_active": true,
      "name_enc": "ZmFrZV9lbmM6q8B+3LwD7ohrKPUED05T82/7CtGc2VslUmlVOG7o9tba5SG+Ag==",
      "name_plain": "Class 102",
      "teacher": 2
    }
  },
  {
    "model": "user.class",
    "pk": 3,
    "fields": {
      "accept_requests_until": null,
      "access_code_enc": "ZmFrZV9lbmM6ZZ3FDZRvlw+E1lK4dxpki1idTSRAOt9hCFPUfcdeEmfm",
      "access_code_hash": "AB125",
      "access_code_plain": "AB125",
      "always_accept_requests": true,
      "classmates_data_viewable": true,
      "created_by": null,
      "creation_time": null,
      "is_active": true,
      "name_enc": "ZmFrZV9lbmM60/Rt59QRAWw4AcoT0nKDqrFm25OgmMhKElgPi2A/e2oTsy9ZZg==",
      "name_plain": "Class 103",
      "teacher": 2
    }
  },
  {
    "model": "user.class",
    "pk": 4,
    "fields": {
      "accept_requests_until": null,
      "access_code_enc": "ZmFrZV9lbmM6lX8pCVUFOyvveBTehUr60jztsv49yrwUJTsZALhc2w89",
      "access_code_hash": "RL123",
      "access_code_plain": "RL123",
      "always_accept_requests": true,
      "classmates_data_viewable": true,
      "created_by": null,
      "creation_time": null,
      "is_active": true,
      "name_enc": "ZmFrZV9lbmM61dGjSEe2fv5xma2w6WNAaxOJ4yJ28pd7TJkdh1eh9LqgDchS/3hDrY+j77I=",
      "name_plain": "Young Coders 101",
      "teacher": 3
    }
  },
  {
    "model": "user.class",
    "pk": 5,
    "fields": {
      "accept_requests_until": null,
      "access_code_enc": "ZmFrZV9lbmM6tmPl174+K04tllPCnHhyfux6Kw7XPt/dWsDEfr62yjHP",
      "access_code_hash": "PO123",
      "access_code_plain": "PO123",
      "always_accept_requests": true,
      "classmates_data_viewable": true,
      "created_by": null,
      "creation_time": null,
      "is_active": true,
      "name_enc": "ZmFrZV9lbmM6SwqcaZ2noGygc4dHOKUsHTL7lWU79/WrqGgK9XqIgAUQjQmUpJZKLGE9nTHRxQ0=",
      "name_plain": "Portaladmin's class",
      "teacher": 4
    }
  },
  {
    "model": "user.student",
    "pk": 1,
    "fields": {
      "blocked_time": null,
      "class_field": 1,
      "login_id": null,
      "new_user": 5,
      "pending_class_request": null,
      "user": 4
    }
  },
  {
    "model": "user.student",
    "pk": 2,
    "fields": {
      "blocked_time": null,
      "class_field": 1,
      "login_id": null,
      "new_user": 6,
      "pending_class_request": null,
      "user": 5
    }
  },
  {
    "model": "user.student",
    "pk": 3,
    "fields": {
      "blocked_time": null,
      "class_field": null,
      "login_id": null,
      "new_user": 7,
      "pending_class_request": null,
      "user": 6
    }
  },
  {
    "model": "user.student",
    "pk": 4,
    "fields": {
      "blocked_time": null,
      "class_field": 2,
      "login_id": null,
      "new_user": 8,
      "pending_class_request": null,
      "user": 7
    }
  },
  {
    "model": "user.student",
    "pk": 5,
    "fields": {
      "blocked_time": null,
      "class_field": 2,
      "login_id": null,
      "new_user": 9,
      "pending_class_request": null,
      "user": 8
    }
  },
  {
    "model": "user.student",
    "pk": 6,
    "fields": {
      "blocked_time": null,
      "class_field": 3,
      "login_id": null,
      "new_user": 10,
      "pending_class_request": null,
      "user": 9
    }
  },
  {
    "model": "user.student",
    "pk": 7,
    "fields": {
      "blocked_time": null,
      "class_field": null,
      "login_id": null,
      "new_user": 11,
      "pending_class_request": null,
      "user": 10
    }
  },
  {
    "model": "user.student",
    "pk": 8,
    "fields": {
      "blocked_time": null,
      "class_field": 4,
      "login_id": null,
      "new_user": 12,
      "pending_class_request": null,
      "user": 11
    }
  },
  {
    "model": "user.student",
    "pk": 9,
    "fields": {
      "blocked_time": null,
      "class_field": 4,
      "login_id": null,
      "new_user": 13,
      "pending_class_request": null,
      "user": 12
    }
  },
  {
    "model": "user.student",
    "pk": 10,
    "fields": {
      "blocked_time": null,
      "class_field": 4,
      "login_id": null,
      "new_user": 14,
      "pending_class_request": null,
      "user": 13
    }
  },
  {
    "model": "user.student",
    "pk": 11,
    "fields": {
      "blocked_time": null,
      "class_field": 4,
      "login_id": null,
      "new_user": 15,
      "pending_class_request": null,
      "user": 14
    }
  },
  {
    "model": "user.student",
    "pk": 12,
    "fields": {
      "blocked_time": null,
      "class_field": 4,
      "login_id": null,
      "new_user": 16,
      "pending_class_request": null,
      "user": 15
    }
  },
  {
    "model": "user.student",
    "pk": 13,
    "fields": {
      "blocked_time": null,
      "class_field": 4,
      "login_id": null,
      "new_user": 17,
      "pending_class_request": null,
      "user": 16
    }
  },
  {
    "model": "user.student",
    "pk": 14,
    "fields": {
      "blocked_time": null,
      "class_field": 4,
      "login_id": null,
      "new_user": 18,
      "pending_class_request": null,
      "user": 17
    }
  },
  {
    "model": "user.student",
    "pk": 15,
    "fields": {
      "blocked_time": null,
      "class_field": 4,
      "login_id": null,
      "new_user": 19,
      "pending_class_request": null,
      "user": 18
    }
  },
  {
    "model": "user.student",
    "pk": 16,
    "fields": {
      "blocked_time": null,
      "class_field": 5,
      "login_id": null,
      "new_user": 21,
      "pending_class_request": null,
      "user": 21
    }
  },
  {
    "model": "user.totalactivity",
    "pk": 1,
    "fields": {
      "anonymised_unverified_independents": 0,
      "anonymised_unverified_teachers": 0,
      "independent_registrations": 2,
      "student_registrations": 14,
      "teacher_registrations": 4
    }
  },
  {
    "model": "user.user",
    "pk": 1,
    "fields": {
      "date_joined": "2026-02-04T16:02:33.631Z",
      "dek": "ZmFrZV9lbmM6nS1csorNRFGQ3FknHozzLOObhQ/iXXf2hH92eeOBy8roL2HNlrK14npw6TYEV7VJpPVyXo17WZp/C6J+",
      "email_enc": "ZmFrZV9lbmM6dl/MQRUjrYLzJ8SGT14bzsvvpDfI00N7KlFT01peYBfPDY0mfBC3iT5Dj7hDmvX/yaUeY56NT20=",
      "email_hash": "codeforlife-portal@ocado.com",
      "email_plain": "codeforlife-portal@ocado.com",
      "first_name_enc": "ZmFrZV9lbmM6ZPlIinlRmmI7yo7cj16Hxm4N1WVBWgTkcKwRvxvB3Jfjmg==",
      "first_name_hash": "Portal",
      "first_name_plain": "Portal",
      "groups": [],
      "is_active": true,
      "is_staff": true,
      "is_superuser": true,
      "last_login": null,
      "last_name_enc": "ZmFrZV9lbmM6aRN4l2rGBRhy1m+Qh2RWRvNmADOqa+g4Sn/eUOwvUULe",
      "last_name_plain": "Admin",
      "password": "pbkdf2_sha256$1000000$y2lUeK8u5GnocWVuonlViT$TnNTL7sG9pcvz6MotXSSptrHdQzAFxmLnqNbj7syLS4=",
      "user_permissions": [],
      "username_enc": "ZmFrZV9lbmM6W68OaTj6IrJ6dAduESf+9QJrchey291ox5c1UWYQxdiU2zCxNL54aG0oFKCTBZxBJM77J8bHIpk=",
      "username_hash": "codeforlife-portal@ocado.com",
      "username_plain": "codeforlife-portal@ocado.com"
    }
  },
  {
    "model": "user.user",
    "pk": 2,
    "fields": {
      "date_joined": "2026-02-04T16:02:34.051Z",
      "dek": "ZmFrZV9lbmM6BLODLjFqwOGQ2F1gfhBxUDu0x+ysKL/THNOI4YaJWkERqeJ176yQerprvm1m8/kUquwMqV56MMYOcJg+",
      "email_enc": "ZmFrZV9lbmM67sZxLliYMKm3uz98nOwt8214HZeWxLDLAiwm2MgLgBzkU4wxAvou4swZvmSm6kM8pnR5XxyuHXR5TA==",
      "email_hash": "alberteinstein@codeforlife.com",
      "email_plain": "alberteinstein@codeforlife.com",
      "first_name_enc": "ZmFrZV9lbmM6dygqD/GL7Zx+cDPU0dlncOJFQhUZrEJkEWlTHALit+s5Xg==",
      "first_name_hash": "Albert",
      "first_name_plain": "Albert",
      "groups": [],
      "is_active": true,
      "is_staff": false,
      "is_superuser": false,
      "last_login": null,
      "last_name_enc": "ZmFrZV9lbmM6AnE2DA2bdWH5SpZDB5F5PlypOzoZ07TeA2vLqfILyZbm9Y5c",
      "last_name_plain": "Einstein",
      "password": "pbkdf2_sha256$1000000$IOkFLrqDnlDiEoASMl5OSY$C7gzJeOhwbfq/nJp47LaErHOxgA/3DIkaUI93ZUqauc=",
      "user_permissions": [],
      "username_enc": "ZmFrZV9lbmM6kEa5T9wBkXTu33fwbGtFe9rZz2whtqtE+NmBnapbN8aFySphoMJNKjgGIxm9kl1OlmbiYVDjcIQcyQ==",
      "username_hash": "alberteinstein@codeforlife.com",
      "username_plain": "alberteinstein@codeforlife.com"
    }
  },
  {
    "model": "user.user",
    "pk": 3,
    "fields": {
      "date_joined": "2026-02-04T16:02:34.252Z",
      "dek": "ZmFrZV9lbmM6V20JnUxKv0GdaX13KdF574HPbkmjD7RJj7/rFr4wQVtQfCIjK2MHcFryVDsMq2eIJ72uaxXc/1FFSkDp",
      "email_enc": "ZmFrZV9lbmM6kzvUIAUyszIHT6fIJ1fyXPwH+XJScZHIf7FU+g5WkdvRj07vlPDJFJKRzoEWiDQ3JTT0izE=",
      "email_hash": "maxplanck@codeforlife.com",
      "email_plain": "maxplanck@codeforlife.com",
      "first_name_enc": "ZmFrZV9lbmM6Ago4UQZ3oxNQyigyT60Lb+fyVC87pZtkjk1MpUf41Q==",
      "first_name_hash": "Max",
      "first_name_plain": "Max",
      "groups": [],
      "is_active": true,
      "is_staff": false,
      "is_superuser": false,
      "last_login": null,
      "last_name_enc": "ZmFrZV9lbmM6ZdaW5MUAIckllddasnE72Xm6ZSxl9Z7lR3Hjyc8TDeeNhg==",
      "last_name_plain": "Planck",
      "password": "pbkdf2_sha256$1000000$QHwukC6Cv822F2nSjQjLu0$09yKE5c8mFVwIHS5BWccM+q33Rs6XSCcc5rik3RD7eY=",
      "user_permissions": [],
      "username_enc": "ZmFrZV9lbmM6NdA7tbr7z1HLyLHeAH4ndHuTQjFHvhixbXqR2vU6ImdteCCd7aceSCjXXCn3U/1JPMnOWKo=",
      "username_hash": "maxplanck@codeforlife.com",
      "username_plain": "maxplanck@codeforlife.com"
    }
  },
  {
    "model": "user.user",
    "pk": 4,
    "fields": {
      "date_joined": "2026-02-04T16:02:34.448Z",
      "dek": "ZmFrZV9lbmM6TcuSFYFFWC8rXPukd/0YiijU8IaKU4lHNAHMjD2eDz8ncLZsgebHW5bRnJAx+WvX8vZoCtlDPcHrEAuh",
      "email_enc": "ZmFrZV9lbmM6LwlZEk/dUtTEdlbhapucNrJocYIk9xPu5Y1NMg9hnmIndIj2+gvjuruwfVXOgGZbA6vQUw==",
      "email_hash": "ramleith@codeforlife.com",
      "email_plain": "ramleith@codeforlife.com",
      "first_name_enc": "ZmFrZV9lbmM6MP5pw/kzO6fiWqUFK0ZxqwsWrY66EuDvC1jVIAtulw==",
      "first_name_hash": "Ram",
      "first_name_plain": "Ram",
      "groups": [],
      "is_active": true,
      "is_staff": false,
      "is_superuser": false,
      "last_login": null,
      "last_name_enc": "ZmFrZV9lbmM6Jn1K31v4LzeQ/qZffGAGMZG0/J6biO5+Y1DEnEOI4CeK",
      "last_name_plain": "Leith",
      "password": "pbkdf2_sha256$1000000$OcLHQ75ALkslmiUxFwe1Ft$7hpkII5kIi1lytO4PQ0p/6HdtT6//mPcZfZNjROXqrg=",
      "user_permissions": [],
      "username_enc": "ZmFrZV9lbmM69F34/PbRct5acqudNvNPo4mrJ5YZqvhfjDtKBrdAT/JR7XRfzfPE3dklvAmdu4uEOnIBZQ==",
      "username_hash": "ramleith@codeforlife.com",
      "username_plain": "ramleith@codeforlife.com"
    }
  },
  {
    "model": "user.user",
    "pk": 5,
    "fields": {
      "date_joined": "2026-02-04T16:02:34.641Z",
      "dek": "ZmFrZV9lbmM6Muw/vyJnAHIelig6sSUZZCY8bk1SS5TCasFP5Sk7U8o5llwR60mq7jAJoLkVme26sZJ0ULm27NyLEvKm",
      "email_enc": "ZmFrZV9lbmM6btpo9a5rZlczOWXCdwHL5xOSQxCZc/emn8X0E7IcKyFF7C0VS6LmOVBYa/MqEmol91LPCDXB225KEmo=",
      "email_hash": "leonardodavinci@codeforlife.com",
      "email_plain": "leonardodavinci@codeforlife.com",
      "first_name_enc": "ZmFrZV9lbmM6ZT6hCR6NYDU208WG5Zt2Q18itxlQtSKfLZ/3c5K+bxRw43K6",
      "first_name_hash": "Leonardo",
      "first_name_plain": "Leonardo",
      "groups": [],
      "is_active": true,
      "is_staff": false,
      "is_superuser": false,
      "last_login": null,
      "last_name_enc": "ZmFrZV9lbmM6Eiq20D36p1cMlSdqcy5Mtqq3hm22MTDChEcibQg985YsRXE=",
      "last_name_plain": "DaVinci",
      "password": "pbkdf2_sha256$1000000$6QiofvSo5LPJ0DlGshTh0h$XdFmFi/Al5vuhxw02nlZE/rUG8g2uHxFnHXs46XgT/c=",
      "user_permissions": [],
      "username_enc": "ZmFrZV9lbmM6KUios32zumvdsLvZifvFVDEdGgpgw5dYlyh5EokO0X7851hQXMj1HPI8WoPePOtAQF+ZYLIv31AumHU=",
      "username_hash": "leonardodavinci@codeforlife.com",
      "username_plain": "leonardodavinci@codeforlife.com"
    }
  },
  {
    "model": "user.user",
    "pk": 6,
    "fields": {
      "date_joined": "2026-02-04T16:02:34.839Z",
      "dek": "ZmFrZV9lbmM60JSmixBDvrfWaRyP8idNvMR78k1YyavGZ+lBOARPt05D1PqVrxAP+HK3qajPuD2iizikhEgSh6dF5iyb",
      "email_enc": "ZmFrZV9lbmM65Pk8pnQv+HKcPHLwoXfdCg5l++CiG/neKwfiJtMFNQhqRVU7N4SrdhFq08gcZm19S/L4zYbSbXvLeg==",
      "email_hash": "galileogalilei@codeforlife.com",
      "email_plain": "galileogalilei@codeforlife.com",
      "first_name_enc": "ZmFrZV9lbmM6FGiykuz+Sx8x0lgoaRGOOBtiL2fRSKJDSIMLZoxttrQl4fo=",
      "first_name_hash": "Galileo",
      "first_name_plain": "Galileo",
      "groups": [],
      "is_active": true,
      "is_staff": false,
      "is_superuser": false,
      "last_login": null,
      "last_name_enc": "ZmFrZV9lbmM6zQGTj4h6SuBQ+GHF0VPEIZO+bu/PsWXhzhyuHeHIefBYmHE=",
      "last_name_plain": "Galilei",
      "password": "pbkdf2_sha256$1000000$HF1HBQVpMLdAuYb0vt55r1$gY3+SetJqidFfylntSqmmrtremtNk8QuGeAdlHNqD9A=",
      "user_permissions": [],
      "username_enc": "ZmFrZV9lbmM6Y4pOAxErjYVL1xULqX20AJveq6DGfsJqA6tQNtZdoOaeRFAwKUNvdCM/A/vm8LBq6uTpNLGUpudfOA==",
      "username_hash": "galileogalilei@codeforlife.com",
      "username_plain": "galileogalilei@codeforlife.com"
    }
  },
  {
    "model": "user.user",
    "pk": 7,
    "fields": {
      "date_joined": "2026-02-04T16:02:35.036Z",
      "dek": "ZmFrZV9lbmM6AgiWjZ7GQyBK5l4VurLVygmXkszQHL3kZhN33iYzyC1HMfWWMVI/ggxa+oNbq2olRmVHguF8uNzBvTo3",
      "email_enc": "ZmFrZV9lbmM6nE5NOakc9jQBJf7sLqY2uiRil9e9sUEShSNLiSoHg5FqK/CY2Do/sbV+1A6oxxB85d3HZuL+4Q==",
      "email_hash": "isaacnewton@codeforlife.com",
      "email_plain": "isaacnewton@codeforlife.com",
      "first_name_enc": "ZmFrZV9lbmM6eCpZHFZkWzQ/hv8G9psJxOAqvezmqYDq0RSpDJlEptGK",
      "first_name_hash": "Isaac",
      "first_name_plain": "Isaac",
      "groups": [],
      "is_active": true,
      "is_staff": false,
      "is_superuser": false,
      "last_login": null,
      "last_name_enc": "ZmFrZV9lbmM6xN/iK8bQby0voDF9a35nJ83At3HgLkGbAptBWLtTNtnZzg==",
      "last_name_plain": "Newton",
      "password": "pbkdf2_sha256$1000000$BUSt8V8F4DwWZPlCZeS1Sc$WMQElSAhvIE7LRHx6lwTde9YG5P74dc7Az+639AHdYc=",
      "user_permissions": [],
      "username_enc": "ZmFrZV9lbmM62SGXHdjBqA5Y+dD5VvE3AykKRYr7Rr6b+QvCaibuKwggnxtlx0AGgi1fNYQswsuoa3sskN5e3Q==",
      "username_hash": "isaacnewton@codeforlife.com",
      "username_plain": "isaacnewton@codeforlife.com"
    }
  },
  {
    "model": "user.user",
    "pk": 8,
    "fields": {
      "date_joined": "2026-02-04T16:02:35.230Z",
      "dek": "ZmFrZV9lbmM67Iqyt69l+yrc2BMF1r5L+UE0BIUZ0HfFN3baguyKwLTeNtTFj1HOcVJAuFtoV+hvIT+1oY7x0Fqul03j",
      "email_enc": "ZmFrZV9lbmM6QTQVq47caqRoq8EK0uUN1ygFV+XvmYPEXq5onCbdj13XdI6DfrCAlx7W7gFAABbpkBCJhQYZ0cETjw==",
      "email_hash": "richardfeynman@codeforlife.com",
      "email_plain": "richardfeynman@codeforlife.com",
      "first_name_enc": "ZmFrZV9lbmM6KD7poCabt24+OPDhCz9fiZcUqF+PrVEHoIT9gwFbShzh3JU=",
      "first_name_hash": "Richard",
      "first_name_plain": "Richard",
      "groups": [],
      "is_active": true,
      "is_staff": false,
      "is_superuser": false,
      "last_login": null,
      "last_name_enc": "ZmFrZV9lbmM6JgmcA+18EuPfUeWJSuXju16Z0h+HDj9m/Xn51LaSe+Ef2TA=",
      "last_name_plain": "Feynman",
      "password": "pbkdf2_sha256$1000000$TaYcwU3iqPA4c4co14ZYHx$FAwypkSE7UucZod6BY/YY+A4zV4JbySNxDwd4ypOZT8=",
      "user_permissions": [],
      "username_enc": "ZmFrZV9lbmM6ahl5fcghPgCSSN8QVcwIyupa5kZvvO9vOiUoJdZRSUbB/aLgN2tPBaCA8QiR6/lkO2182l5Y/mr3Aw==",
      "username_hash": "richardfeynman@codeforlife.com",
      "username_plain": "richardfeynman@codeforlife.com"
    }
  },
  {
    "model": "user.user",
    "pk": 9,
    "fields": {
      "date_joined": "2026-02-04T16:02:35.422Z",
      "dek": "ZmFrZV9lbmM6hGzSBoLIbLU4BDj32rxVFgg6uArfWek5BfmFo5ZoBjV2MhQN5m0dBvuVjzb0t6fTY5d2nMzlUcdIofrF",
      "email_enc": "ZmFrZV9lbmM6kQeK+uVf0/b+O1SZqONvKrsfffa8C3pSKCQa6uyF1lPK6FwDVl2vQNCPL5ak/4+a7ja7A00S4i5lpJZr8g==",
      "email_hash": "alexanderflemming@codeforlife.com",
      "email_plain": "alexanderflemming@codeforlife.com",
      "first_name_enc": "ZmFrZV9lbmM6ZVz+1VG3scf9MoEfVA/ShO5cJNBE9riNqQ/2I20l/OsroQMZrA==",
      "first_name_hash": "Alexander",
      "first_name_plain": "Alexander",
      "groups": [],
      "is_active": true,
      "is_staff": false,
      "is_superuser": false,
      "last_login": null,
      "last_name_enc": "ZmFrZV9lbmM6jxxUTKIDlEj/scNJ2jRVZujwmG8nYCfRqepcQi7lnBz/vYSI",
      "last_name_plain": "Flemming",
      "password": "pbkdf2_sha256$1000000$mCuu3Ptx9EGmKQ7FSNIqzw$dqwQK/ovljow4iGxfLIQTm8PPR8Iu5AITzQ9tVQxv9w=",
      "user_permissions": [],
      "username_enc": "ZmFrZV9lbmM6g1cd/om7Tco3iOqnDa5z3mU8wFau/Mq7xTEH6EJWEGe9d68cGq0SmwovpAWW6HmDxF3STUJ6PV8kECAZiA==",
      "username_hash": "alexanderflemming@codeforlife.com",
      "username_plain": "alexanderflemming@codeforlife.com"
    }
  },
  {
    "model": "user.user",
    "pk": 10,
    "fields": {
      "date_joined": "2026-02-04T16:02:35.611Z",
      "dek": "ZmFrZV9lbmM6J4zSpKtOmn7y3Y3C6x4OVGcb+e0E+AW85tNIEZb2pSDinQqzUkft/oBWqEYTqk8llh1JDVFmia1hKBjl",
      "email_enc": "ZmFrZV9lbmM64e5Vzz8oKJYjbYI7+2ZF7XuH8wPevFgtQC2X5bc0pWJ5H9bETgDrFyA4sMZaU9Tg9kv+qws4haGfGTg=",
      "email_hash": "danielbernoulli@codeforlife.com",
      "email_plain": "danielbernoulli@codeforlife.com",
      "first_name_enc": "ZmFrZV9lbmM65SWBLZni/laQtNAl64mXA79twEZho+651VCt311rAguFzA==",
      "first_name_hash": "Daniel",
      "first_name_plain": "Daniel",
      "groups": [],
      "is_active": true,
      "is_staff": false,
      "is_superuser": false,
      "last_login": null,
      "last_name_enc": "ZmFrZV9lbmM60eUQSPe5OAsCeRt1gzrwLa7EVSar6AnRbZG3gHztcvdth8IrvA==",
      "last_name_plain": "Bernoulli",
      "password": "pbkdf2_sha256$1000000$isUqjEe0ZtdHC0tDFilALA$k20Gy//4APEqsGNYGa8aQPUTUBqMPKe6hI5GMIWiMnE=",
      "user_permissions": [],
      "username_enc": "ZmFrZV9lbmM6hCfOHVID4fPRgzyP+oOM6gHabOlxDQwjLsbLuw0ngMJ1SapLlj2nC9fk48FecXELl/JXwRS1/PI5sEY=",
      "username_hash": "danielbernoulli@codeforlife.com",
      "username_plain": "danielbernoulli@codeforlife.com"
    }
  },
  {
    "model": "user.user",
    "pk": 11,
    "fields": {
      "date_joined": "2026-02-04T16:02:35.803Z",
      "dek": "ZmFrZV9lbmM6RJvZthmhY//D7zh7NTsTeIBZxSsBClnGVaP30RcuabLz1xYLUNNnumUOdygscg+BDZwxu8cwTD2anSyk",
      "email_enc": "ZmFrZV9lbmM6Bkpg2XLc10D1UmbpVkCI0lg4MJD0zeGOfT07lzxvvkgA52wMafu63U9ylmvgukYRBJr3bWG1XLI=",
      "email_hash": "indianajones@codeforlife.com",
      "email_plain": "indianajones@codeforlife.com",
      "first_name_enc": "ZmFrZV9lbmM62ghGxpAhcBGTgECH3XG5lhv3/nGPelk1SYi2on3HmiQnnEs=",
      "first_name_hash": "Indiana",
      "first_name_plain": "Indiana",
      "groups": [],
      "is_active": true,
      "is_staff": false,
      "is_superuser": false,
      "last_login": null,
      "last_name_enc": "ZmFrZV9lbmM6excgvA44+7Tzd9kxwsurRR0/7JddJ4ONlEhYSqS+e1XH",
      "last_name_plain": "Jones",
      "password": "pbkdf2_sha256$1000000$mjbmbYr7G3WRyxxHlDcH6d$w1wf3D0lDP6pF3nSoTUD3vSRioCzPEloW3r8sXnLSJw=",
      "user_permissions": [],
      "username_enc": "ZmFrZV9lbmM6u79RxJjXjQOn3DUiaBeGPzBlfNd5dfa4/yAAH5j3Wwnc57AflACzCpfF713nnD00CTFftFYTf9Y=",
      "username_hash": "indianajones@codeforlife.com",
      "username_plain": "indianajones@codeforlife.com"
    }
  },
  {
    "model": "user.user",
    "pk": 12,
    "fields": {
      "date_joined": "2026-02-04T16:02:35.999Z",
      "dek": "ZmFrZV9lbmM6ODiZ6w5NfOc9/9oP8JH+F0AKguKkTdwnguKY7IUw4yMv7bkTGS0ZDr6lRMeUSB2bUDAAeG/s4o4Rvbsa",
      "first_name_enc": "ZmFrZV9lbmM6kjfxs345zoTZfqKXkDHtfcIY8poSjk8VFfhMq1knz/8=",
      "first_name_hash": "Noah",
      "first_name_plain": "Noah",
      "groups": [],
      "is_active": true,
      "is_staff": false,
      "is_superuser": false,
      "last_login": null,
      "last_name_enc": "ZmFrZV9lbmM6eHb/bRCUVrG5ESV5qHfbsiBvRelPu7wOHL8ci370OvxasRpm",
      "last_name_plain": "Monaghan",
      "password": "pbkdf2_sha256$1000000$qm1oQx3HNeIx6dpY1aRzXb$xMKwoqXoW6MuHqoABww+Yq+3A1uwkLbkpaWWytNu6l0=",
      "user_permissions": [],
      "username_enc": "ZmFrZV9lbmM6AtzaoZyVd75YQrEOaNqUxr14E2Z+9i3KJuJ0cgFi2gzAI7zw85E=",
      "username_hash": "media noah",
      "username_plain": "media noah"
    }
  },
  {
    "model": "user.user",
    "pk": 13,
    "fields": {
      "date_joined": "2026-02-04T16:02:36.195Z",
      "dek": "ZmFrZV9lbmM6E2af4DEGdnVy8AdysOxQWAr/XZjM1paohrFtzwcU8ErHa4Mds1bm5zK1WoPEwxqoEPD99/XZfBuw7/oa",
      "first_name_enc": "ZmFrZV9lbmM6BWoSB7BYxH4FxpQhkd4TvieVMj0N3sPdLhCNohLeetFyrg==",
      "first_name_hash": "Elliot",
      "first_name_plain": "Elliot",
      "groups": [],
      "is_active": true,
      "is_staff": false,
      "is_superuser": false,
      "last_login": null,
      "last_name_enc": "ZmFrZV9lbmM69YjNMSfcXFg3pGr58K77NGxqGG3nV21qsO+sSnFPRvbd",
      "last_name_plain": "Sharp",
      "password": "pbkdf2_sha256$1000000$vQZKG1iO3Np3cdOHSrG85F$QnuZLe1KvMt64uWXjz3RKOEnr6owhloxfgs3u8xB6GQ=",
      "user_permissions": [],
      "username_enc": "ZmFrZV9lbmM6P8vG8taJXnEQWOdAwlh7FzalVSbQzMwdx2aku3PZK9wt99K3A9K9/g==",
      "username_hash": "media elliot",
      "username_plain": "media elliot"
    }
  },
  {
    "model": "user.user",
    "pk": 14,
    "fields": {
      "date_joined": "2026-02-04T16:02:36.394Z",
      "dek": "ZmFrZV9lbmM6lHwaHwEAEkTsDE+w+LnUw/c/ra+TdL5/dU9xPFIW92I98HzZg50AxHu4n2lKGe/FTzNrR4uCFzFQ/+IL",
      "first_name_enc": "ZmFrZV9lbmM663tdyyomEQ2QzpHpj3ZX8IldQVNNvwZoKn7SuywzsKUDvA==",
      "first_name_hash": "Tajmae",
      "first_name_plain": "Tajmae",
      "groups": [],
      "is_active": true,
      "is_staff": false,
      "is_superuser": false,
      "last_login": null,
      "last_name_enc": "ZmFrZV9lbmM6Hb+2sb0IFHydvEnx3koqRuZDYKraKhtD1gLI7XSs5hrM6g==",
      "last_name_plain": "Joseph",
      "password": "pbkdf2_sha256$1000000$iCO3IsvmN5C8rpX5J0d1ob$TFK2zYume/i4StDly6EUiqFej/sOnuzV/wYE9rgr/cg=",
      "user_permissions": [],
      "username_enc": "ZmFrZV9lbmM631Qr0w4wBZN1Phdldl9WY+1n3NrBZ6QUraZY4p0ZmC8v+9NnUvTvgA==",
      "username_hash": "media tajmae",
      "username_plain": "media tajmae"
    }
  },
  {
    "model": "user.user",
    "pk": 15,
    "fields": {
      "date_joined": "2026-02-04T16:02:36.589Z",
      "dek": "ZmFrZV9lbmM6An/cveM3ZXcZM7QxIgYd4WK7/M3yJiWAe8Vo+pc7PL0TNogWsWByiNucIQqlmfIZARMQcJC/p3pJx1QQ",
      "first_name_enc": "ZmFrZV9lbmM6xiOckTwack87H3A7PBretwem+4On+TLQK7vQ40/0FpPNCX8=",
      "first_name_hash": "Carlton",
      "first_name_plain": "Carlton",
      "groups": [],
      "is_active": true,
      "is_staff": false,
      "is_superuser": false,
      "last_login": null,
      "last_name_enc": "ZmFrZV9lbmM69RSRhxmcba/7l7H8s49DQTlBtOLzTQUsgdggRgHLYzUELA==",
      "last_name_plain": "Joseph",
      "password": "pbkdf2_sha256$1000000$6Nhm1sHtcMbFdBitdz7nxq$s5i8H7MwdH6SRQ3+DZDDfsPtqxXVDPAC5t67G4FluM4=",
      "user_permissions": [],
      "username_enc": "ZmFrZV9lbmM6DPlTHgfxXTVL0L2uxDpQ+IpoVZymQQMhhSOnTnW8fCtJSV25jdQ+pRw=",
      "username_hash": "media carlton",
      "username_plain": "media carlton"
    }
  },
  {
    "model": "user.user",
    "pk": 16,
    "fields": {
      "date_joined": "2026-02-04T16:02:36.792Z",
      "dek": "ZmFrZV9lbmM6VtLPjgaz4N8xsAHY6fKs7B4Q6dUNJLcu0e8i02/cbPVf+Xcx/OYE//dzmldTRcj0BEhRE5HG6EV9yJGB",
      "first_name_enc": "ZmFrZV9lbmM6OtOk2SsoMWAc38TD0Q41fmaYTkUR0+0nt2Rw/JuDkgb5",
      "first_name_hash": "Nadal",
      "first_name_plain": "Nadal",
      "groups": [],
      "is_active": true,
      "is_staff": false,
      "is_superuser": false,
      "last_login": null,
      "last_name_enc": "ZmFrZV9lbmM6f8mE9Wc19ubz9l+FnWRJU4dXhOwbl3Vwc2ISVdXXF4GmrbeK+AMRwdZVwDI=",
      "last_name_plain": "Spencer-Jennings",
      "password": "pbkdf2_sha256$1000000$FRA5lx8xBTO5Rn8J9wwZZW$KiQzLItBM40bzbwRdXpKnrI1uWXv0xsSzTMkFwAewwo=",
      "user_permissions": [],
      "username_enc": "ZmFrZV9lbmM6DDox9dauGKr9FLYT8aNae6nM84ZP0SO66osdvk/A+JR5toUdN+N/",
      "username_hash": "media nadal",
      "username_plain": "media nadal"
    }
  },
  {
    "model": "user.user",
    "pk": 17,
    "fields": {
      "date_joined": "2026-02-04T16:02:37.009Z",
      "dek": "ZmFrZV9lbmM6e0QkyGSRPJxtPLH/c5zTXK5jkOET732kHyRwCTpiQhiSqj3Ar80GkMDhWaXGvqx4qpDLrzZDLZftBe/8",
      "first_name_enc": "ZmFrZV9lbmM6j0YLTeDH49wQDBGAGGslQq+XvbkmjBOjZz/81chsQ6CgduE=",
      "first_name_hash": "Freddie",
      "first_name_plain": "Freddie",
      "groups": [],
      "is_active": true,
      "is_staff": false,
      "is_superuser": false,
      "last_login": null,
      "last_name_enc": "ZmFrZV9lbmM6qqw2DvU2GxSQXO2EqczZa2U8FVS4mRcyIZoDpbhoEeI=",
      "last_name_plain": "Goff",
      "password": "pbkdf2_sha256$1000000$LAQQycnLxi5rY9QCD15nHw$Ad5r4JEo5CCQrwuD2F12ajXnV/bDSL+FGQ99vM2l0/k=",
      "user_permissions": [],
      "username_enc": "ZmFrZV9lbmM6eWftc/iNk2tjFElPm7fCJpsZ1iMQKF5L6M866R+GpcCflBTD9p+YzRI=",
      "username_hash": "media freddie",
      "username_plain": "media freddie"
    }
  },
  {
    "model": "user.user",
    "pk": 18,
    "fields": {
      "date_joined": "2026-02-04T16:02:37.216Z",
      "dek": "ZmFrZV9lbmM6ivzHA5Vfn50gnAP3KwRspc9mnTuE4qCr43qbCfPHpFP5D5YwNqW8OQnDdDwe/o5a9DdNJ3n85j7MpPU2",
      "first_name_enc": "ZmFrZV9lbmM6UerbiIlXuCiufRtvMUVZ+JauFHZ3y0Fp/GZl7ISGn/o=",
      "first_name_hash": "Leon",
      "first_name_plain": "Leon",
      "groups": [],
      "is_active": true,
      "is_staff": false,
      "is_superuser": false,
      "last_login": null,
      "last_name_enc": "ZmFrZV9lbmM6bxT3gxf8cicQPv5nGIKLHApI/oxYN3k15TGYe4vwZec0",
      "last_name_plain": "Scott",
      "password": "pbkdf2_sha256$1000000$XHhBEg6yrF9a6TR487gNrU$DOR6TONr+9q0rLXJwB43UuezRcQkQAmEmoN0nYmm4do=",
      "user_permissions": [],
      "username_enc": "ZmFrZV9lbmM6iW7kADgeYsJU5l1soljcMXYut3ZM9ax1Xop0oYhAw87tLOln0wM=",
      "username_hash": "media leon",
      "username_plain": "media leon"
    }
  },
  {
    "model": "user.user",
    "pk": 19,
    "fields": {
      "date_joined": "2026-02-04T16:02:37.413Z",
      "dek": "ZmFrZV9lbmM648Mk4GDSMJHDA77reE0u/16wjHi8ujc2YxH6XPgOWc4S85G389Y5//r/RJKhonqH7X1pTIhiUZFbHz5F",
      "first_name_enc": "ZmFrZV9lbmM609cs4YE+Kj0atwhR0SOrJyuO9vSA74sqShdgLD7KRQ+C",
      "first_name_hash": "Betty",
      "first_name_plain": "Betty",
      "groups": [],
      "is_active": true,
      "is_staff": false,
      "is_superuser": false,
      "last_login": null,
      "last_name_enc": "ZmFrZV9lbmM604sjV50gIcumJ2c/iDCvy3Siq/kVoTKllzvkyghd6A2hMoE=",
      "last_name_plain": "Kessell",
      "password": "pbkdf2_sha256$1000000$ua0WUUCFIijIjxpLdkc25v$mvl+UejCNGop0krujly8TPlMbgWPFVZ42tH+NPDltS4=",
      "user_permissions": [],
      "username_enc": "ZmFrZV9lbmM6yFnuAvCj5RFXC8Iv+rljmAU/zzrUYIerAMmuXI/c4TFVi7+gSaGC",
      "username_hash": "media betty",
      "username_plain": "media betty"
    }
  },
  {
    "model": "user.user",
    "pk": 20,
    "fields": {
      "date_joined": "2026-02-04T16:02:37.614Z",
      "dek": "ZmFrZV9lbmM6Ct68dRt74lesvjRcTVtlbUlPC8xt85anig+MaarMMZAUvcFmkJmno57KkQUR8S5/o5ElV9Bpn3RDpxeS",
      "first_name_enc": "ZmFrZV9lbmM6kEW6JpB05mjWAPE/xrxMrbFNoyD6ZBNVl+YCZI/q3+LRROg=",
      "first_name_hash": "Deleted",
      "first_name_plain": "Deleted",
      "groups": [],
      "is_active": false,
      "is_staff": false,
      "is_superuser": false,
      "last_login": null,
      "last_name_enc": "ZmFrZV9lbmM6gwxaGy9/aDQWDEVUwUverJ6wmk3ohaTkvF5GYq6koNg=",
      "last_name_plain": "User",
      "password": "pbkdf2_sha256$1000000$o2AfZh0JqqIFRTZGHWEQKV$c1es5kdOakAvCGkeMVgDOX5q+rFhdQgOkMZiKAtqMrk=",
      "user_permissions": [],
      "username_enc": "ZmFrZV9lbmM6kUOy1ae7Y1ElSiAiDXnKIZxPkOs1saBSjmH+UCEThmkOR7lKe9Nlmza/K+mW1Slr0UutzlVaqMLU3yWT",
      "username_hash": "4271ee7b7ce94e34a58d1f4e82025280",
      "username_plain": "4271ee7b7ce94e34a58d1f4e82025280"
    }
  },
  {
    "model": "user.user",
    "pk": 21,
    "fields": {
      "date_joined": "2026-02-04T16:02:40.242Z",
      "dek": "ZmFrZV9lbmM6BoYrbuFtVkzXFPjmHBZLlD971sOH30A01sG1em/a2PlmhBmN/i1FPqXZEBXkx9GU/QG5J1EQzGQqM0A3",
      "email_enc": "ZmFrZV9lbmM6v3CMqzgcHkXFUuH/E5WTE6Y1uXORrpJHu9VhYRdzAlYByeUliJUAkavcHMXo38zMc1HN92jTgwg=",
      "email_hash": "adminstudent@codeforlife.com",
      "email_plain": "adminstudent@codeforlife.com",
      "first_name_enc": "ZmFrZV9lbmM6WI6wHI7iEIUv0n0GxIsHsV75X85C0vRUlSEmAMnBr8aQOaDLa8RN",
      "first_name_hash": "Portaladmin",
      "first_name_plain": "Portaladmin",
      "groups": [],
      "is_active": true,
      "is_staff": false,
      "is_superuser": false,
      "last_login": null,
      "last_name_enc": "ZmFrZV9lbmM6++cVFuCbPR0sIbZk2qM4m46PJKlZleoblSe6PWeixQl61Qk=",
      "last_name_plain": "Student",
      "password": "pbkdf2_sha256$1000000$cv54m0PSNCQrH0MBLU56pk$nhGzkqLXL01EEtLAsoAbaWcTxuj1SOrZ7s6rBdA7eZk=",
      "user_permissions": [],
      "username_enc": "ZmFrZV9lbmM6jzxttMaup8QyTqNObb0h8Xwo1Un3ptf+BjbsOKFtTNwQ8dyEdNJLHvUa5D0ulpl85uxQzgyh898=",
      "username_hash": "adminstudent@codeforlife.com",
      "username_plain": "adminstudent@codeforlife.com"
    }
  }
]
