[
  {
    "model": "user.userprofile",
    "pk": 1,
    "fields": {
      "developer": true,
      "is_verified": true,
      "last_otp_for_time": null,
      "otp_secret": null,
      "user": 2
    }
  },
  {
    "model": "user.userprofile",
    "pk": 2,
    "fields": {
      "developer": false,
      "is_verified": true,
      "last_otp_for_time": null,
      "otp_secret": null,
      "user": 3
    }
  },
  {
    "model": "user.userprofile",
    "pk": 3,
    "fields": {
      "developer": false,
      "is_verified": true,
      "last_otp_for_time": null,
      "otp_secret": null,
      "user": 4
    }
  },
  {
    "model": "user.userprofile",
    "pk": 4,
    "fields": {
      "developer": true,
      "is_verified": true,
      "last_otp_for_time": null,
      "otp_secret": null,
      "user": 5
    }
  },
  {
    "model": "user.userprofile",
    "pk": 5,
    "fields": {
      "developer": false,
      "is_verified": true,
      "last_otp_for_time": null,
      "otp_secret": null,
      "user": 6
    }
  },
  {
    "model": "user.userprofile",
    "pk": 6,
    "fields": {
      "developer": false,
      "is_verified": true,
      "last_otp_for_time": null,
      "otp_secret": null,
      "user": 7
    }
  },
  {
    "model": "user.userprofile",
    "pk": 7,
    "fields": {
      "developer": false,
      "is_verified": true,
      "last_otp_for_time": null,
      "otp_secret": null,
      "user": 8
    }
  },
  {
    "model": "user.userprofile",
    "pk": 8,
    "fields": {
      "developer": false,
      "is_verified": true,
      "last_otp_for_time": null,
      "otp_secret": null,
      "user": 9
    }
  },
  {
    "model": "user.userprofile",
    "pk": 9,
    "fields": {
      "developer": false,
      "is_verified": true,
      "last_otp_for_time": null,
      "otp_secret": null,
      "user": 10
    }
  },
  {
    "model": "user.userprofile",
    "pk": 10,
    "fields": {
      "developer": false,
      "is_verified": true,
      "last_otp_for_time": null,
      "otp_secret": null,
      "user": 11
    }
  },
  {
    "model": "user.userprofile",
    "pk": 11,
    "fields": {
      "developer": false,
      "is_verified": true,
      "last_otp_for_time": null,
      "otp_secret": null,
      "user": 12
    }
  },
  {
    "model": "user.userprofile",
    "pk": 12,
    "fields": {
      "developer": false,
      "is_verified": true,
      "last_otp_for_time": null,
      "otp_secret": null,
      "user": 13
    }
  },
  {
    "model": "user.userprofile",
    "pk": 13,
    "fields": {
      "developer": false,
      "is_verified": true,
      "last_otp_for_time": null,
      "otp_secret": null,
      "user": 14
    }
  },
  {
    "model": "user.userprofile",
    "pk": 14,
    "fields": {
      "developer": false,
      "is_verified": true,
      "last_otp_for_time": null,
      "otp_secret": null,
      "user": 15
    }
  },
  {
    "model": "user.userprofile",
    "pk": 15,
    "fields": {
      "developer": false,
      "is_verified": true,
      "last_otp_for_time": null,
      "otp_secret": null,
      "user": 16
    }
  },
  {
    "model": "user.userprofile",
    "pk": 16,
    "fields": {
      "developer": false,
      "is_verified": true,
      "last_otp_for_time": null,
      "otp_secret": null,
      "user": 17
    }
  },
  {
    "model": "user.userprofile",
    "pk": 17,
    "fields": {
      "developer": false,
      "is_verified": true,
      "last_otp_for_time": null,
      "otp_secret": null,
      "user": 18
    }
  },
  {
    "model": "user.userprofile",
    "pk": 18,
    "fields": {
      "developer": false,
      "is_verified": true,
      "last_otp_for_time": null,
      "otp_secret": null,
      "user": 19
    }
  },
  {
    "model": "user.userprofile",
    "pk": 19,
    "fields": {
      "developer": false,
      "is_verified": true,
      "last_otp_for_time": null,
      "otp_secret": null,
      "user": 20
    }
  },
  {
    "model": "user.userprofile",
    "pk": 20,
    "fields": {
      "developer": false,
      "is_verified": true,
      "last_otp_for_time": null,
      "otp_secret": null,
      "user": 1
    }
  },
  {
    "model": "user.userprofile",
    "pk": 21,
    "fields": {
      "developer": false,
      "is_verified": false,
      "last_otp_for_time": null,
      "otp_secret": null,
      "user": 21
    }
  },
  {
    "model": "user.school",
    "pk": 1,
    "fields": {
      "country": "GB",
      "county": "nan",
      "creation_time": null,
      "dek": "ZmFrZV9lbmM6+bOK8/jOfj3VDE4HWSqQTMr9+j/QCITdy63oBgTo7tLAfLBvdQBtdP9NkAe1hRpvA8yHhxE9Wd+nBwvh",
      "is_active": true,
      "name_enc": "ZmFrZV9lbmM60CDmJRrxpQqZF0d3NDTNHjvAwtKQFgT3gS3MTq1f3sF45mDtPWy1ahnZlmwH4XfOQFZYumo=",
      "name_plain": "Swiss Federal Polytechnic"
    }
  },
  {
    "model": "user.teacher",
    "pk": 1,
    "fields": {
      "blocked_time": null,
      "invited_by": null,
      "is_admin": true,
      "new_user": 2,
      "school": 1,
      "user": 1
    }
  },
  {
    "model": "user.teacher",
    "pk": 2,
    "fields": {
      "blocked_time": null,
      "invited_by": null,
      "is_admin": false,
      "new_user": 3,
      "school": 1,
      "user": 2
    }
  },
  {
    "model": "user.teacher",
    "pk": 3,
    "fields": {
      "blocked_time": null,
      "invited_by": null,
      "is_admin": true,
      "new_user": 4,
      "school": 1,
      "user": 3
    }
  },
  {
    "model": "user.teacher",
    "pk": 4,
    "fields": {
      "blocked_time": null,
      "invited_by": null,
      "is_admin": true,
      "new_user": 1,
      "school": 1,
      "user": 20
    }
  },
  {
    "model": "user.class",
    "pk": 1,
    "fields": {
      "accept_requests_until": null,
      "access_code_enc": "ZmFrZV9lbmM6UVVJeE1qTT0=",
      "access_code_hash": "AB123",
      "access_code_plain": "AB123",
      "always_accept_requests": true,
      "classmates_data_viewable": true,
      "created_by": null,
      "creation_time": null,
      "is_active": true,
      "name_enc": "ZmFrZV9lbmM6UTJ4aGMzTWdNVEF4",
      "name_plain": "Class 101",
      "teacher": 1
    }
  },
  {
    "model": "user.class",
    "pk": 2,
    "fields": {
      "accept_requests_until": null,
      "access_code_enc": "ZmFrZV9lbmM6UVVJeE1qUT0=",
      "access_code_hash": "AB124",
      "access_code_plain": "AB124",
      "always_accept_requests": true,
      "classmates_data_viewable": true,
      "created_by": null,
      "creation_time": null,
      "is_active": true,
      "name_enc": "ZmFrZV9lbmM6UTJ4aGMzTWdNVEF5",
      "name_plain": "Class 102",
      "teacher": 2
    }
  },
  {
    "model": "user.class",
    "pk": 3,
    "fields": {
      "accept_requests_until": null,
      "access_code_enc": "ZmFrZV9lbmM6UVVJeE1qVT0=",
      "access_code_hash": "AB125",
      "access_code_plain": "AB125",
      "always_accept_requests": true,
      "classmates_data_viewable": true,
      "created_by": null,
      "creation_time": null,
      "is_active": true,
      "name_enc": "ZmFrZV9lbmM6UTJ4aGMzTWdNVEF6",
      "name_plain": "Class 103",
      "teacher": 2
    }
  },
  {
    "model": "user.class",
    "pk": 4,
    "fields": {
      "accept_requests_until": null,
      "access_code_enc": "ZmFrZV9lbmM6VWt3eE1qTT0=",
      "access_code_hash": "RL123",
      "access_code_plain": "RL123",
      "always_accept_requests": true,
      "classmates_data_viewable": true,
      "created_by": null,
      "creation_time": null,
      "is_active": true,
      "name_enc": "ZmFrZV9lbmM6V1c5MWJtY2dRMjlrWlhKeklERXdNUT09",
      "name_plain": "Young Coders 101",
      "teacher": 3
    }
  },
  {
    "model": "user.class",
    "pk": 5,
    "fields": {
      "accept_requests_until": null,
      "access_code_enc": "ZmFrZV9lbmM6VUU4eE1qTT0=",
      "access_code_hash": "PO123",
      "access_code_plain": "PO123",
      "always_accept_requests": true,
      "classmates_data_viewable": true,
      "created_by": null,
      "creation_time": null,
      "is_active": true,
      "name_enc": "ZmFrZV9lbmM6VUc5eWRHRnNZV1J0YVc0bmN5QmpiR0Z6Y3c9PQ==",
      "name_plain": "Portaladmin's class",
      "teacher": 4
    }
  },
  {
    "model": "user.student",
    "pk": 1,
    "fields": {
      "blocked_time": null,
      "class_field": 1,
      "login_id": null,
      "new_user": 5,
      "pending_class_request": null,
      "user": 4
    }
  },
  {
    "model": "user.student",
    "pk": 2,
    "fields": {
      "blocked_time": null,
      "class_field": 1,
      "login_id": null,
      "new_user": 6,
      "pending_class_request": null,
      "user": 5
    }
  },
  {
    "model": "user.student",
    "pk": 3,
    "fields": {
      "blocked_time": null,
      "class_field": null,
      "login_id": null,
      "new_user": 7,
      "pending_class_request": null,
      "user": 6
    }
  },
  {
    "model": "user.student",
    "pk": 4,
    "fields": {
      "blocked_time": null,
      "class_field": 2,
      "login_id": null,
      "new_user": 8,
      "pending_class_request": null,
      "user": 7
    }
  },
  {
    "model": "user.student",
    "pk": 5,
    "fields": {
      "blocked_time": null,
      "class_field": 2,
      "login_id": null,
      "new_user": 9,
      "pending_class_request": null,
      "user": 8
    }
  },
  {
    "model": "user.student",
    "pk": 6,
    "fields": {
      "blocked_time": null,
      "class_field": 3,
      "login_id": null,
      "new_user": 10,
      "pending_class_request": null,
      "user": 9
    }
  },
  {
    "model": "user.student",
    "pk": 7,
    "fields": {
      "blocked_time": null,
      "class_field": null,
      "login_id": null,
      "new_user": 11,
      "pending_class_request": null,
      "user": 10
    }
  },
  {
    "model": "user.student",
    "pk": 8,
    "fields": {
      "blocked_time": null,
      "class_field": 4,
      "login_id": null,
      "new_user": 12,
      "pending_class_request": null,
      "user": 11
    }
  },
  {
    "model": "user.student",
    "pk": 9,
    "fields": {
      "blocked_time": null,
      "class_field": 4,
      "login_id": null,
      "new_user": 13,
      "pending_class_request": null,
      "user": 12
    }
  },
  {
    "model": "user.student",
    "pk": 10,
    "fields": {
      "blocked_time": null,
      "class_field": 4,
      "login_id": null,
      "new_user": 14,
      "pending_class_request": null,
      "user": 13
    }
  },
  {
    "model": "user.student",
    "pk": 11,
    "fields": {
      "blocked_time": null,
      "class_field": 4,
      "login_id": null,
      "new_user": 15,
      "pending_class_request": null,
      "user": 14
    }
  },
  {
    "model": "user.student",
    "pk": 12,
    "fields": {
      "blocked_time": null,
      "class_field": 4,
      "login_id": null,
      "new_user": 16,
      "pending_class_request": null,
      "user": 15
    }
  },
  {
    "model": "user.student",
    "pk": 13,
    "fields": {
      "blocked_time": null,
      "class_field": 4,
      "login_id": null,
      "new_user": 17,
      "pending_class_request": null,
      "user": 16
    }
  },
  {
    "model": "user.student",
    "pk": 14,
    "fields": {
      "blocked_time": null,
      "class_field": 4,
      "login_id": null,
      "new_user": 18,
      "pending_class_request": null,
      "user": 17
    }
  },
  {
    "model": "user.student",
    "pk": 15,
    "fields": {
      "blocked_time": null,
      "class_field": 4,
      "login_id": null,
      "new_user": 19,
      "pending_class_request": null,
      "user": 18
    }
  },
  {
    "model": "user.student",
    "pk": 16,
    "fields": {
      "blocked_time": null,
      "class_field": 5,
      "login_id": null,
      "new_user": 21,
      "pending_class_request": null,
      "user": 21
    }
  },
  {
    "model": "user.totalactivity",
    "pk": 1,
    "fields": {
      "anonymised_unverified_independents": 0,
      "anonymised_unverified_teachers": 0,
      "independent_registrations": 2,
      "student_registrations": 14,
      "teacher_registrations": 4
    }
  },
  {
    "model": "user.user",
    "pk": 1,
    "fields": {
      "date_joined": "2026-02-04T16:02:33.631Z",
      "dek": "ZmFrZV9lbmM6nS1csorNRFGQ3FknHozzLOObhQ/iXXf2hH92eeOBy8roL2HNlrK14npw6TYEV7VJpPVyXo17WZp/C6J+",
      "email_enc": "ZmFrZV9lbmM6Ezc+dDUVW7mDLB8X4JBQIBHTFZBWl/PuKvhnk+pSZqwmyqXpzvb0ZneeHisr18AGIdS/A5wrkP8=",
      "email_hash": "codeforlife-portal@ocado.com",
      "email_plain": "codeforlife-portal@ocado.com",
      "first_name_enc": "ZmFrZV9lbmM6fGEffXIHSrSIV4OUdpgxAsDNZRStIxtL/afpdrb0dIKA8w==",
      "first_name_hash": "Portal",
      "first_name_plain": "Portal",
      "groups": [],
      "is_active": true,
      "is_staff": true,
      "is_superuser": true,
      "last_login": null,
      "last_name_enc": "ZmFrZV9lbmM6yIBHyOflwLWJM4r/Ed7eEItS2AVxTHWcH02WaYzvcMr3",
      "last_name_plain": "Admin",
      "password": "pbkdf2_sha256$1000000$y2lUeK8u5GnocWVuonlViT$TnNTL7sG9pcvz6MotXSSptrHdQzAFxmLnqNbj7syLS4=",
      "user_permissions": [],
      "username_enc": "ZmFrZV9lbmM6maVj6vuNjzzNQwPHAf9Nd0/akrh6uI/6OVexjseT7ruA9yNFNJj/Zs+weHkKJHQiSnxrfLQgWiI=",
      "username_hash": "codeforlife-portal@ocado.com",
      "username_plain": "codeforlife-portal@ocado.com"
    }
  },
  {
    "model": "user.user",
    "pk": 2,
    "fields": {
      "date_joined": "2026-02-04T16:02:34.051Z",
      "dek": "ZmFrZV9lbmM6BLODLjFqwOGQ2F1gfhBxUDu0x+ysKL/THNOI4YaJWkERqeJ176yQerprvm1m8/kUquwMqV56MMYOcJg+",
      "email_enc": "ZmFrZV9lbmM6AzIq31NIbKSFcG5titxHVY9h6MWlDKYlxo7iy1GM3APZ4bUIA2VvumP9wvSkHd7902lnA597qBBW0w==",
      "email_hash": "alberteinstein@codeforlife.com",
      "email_plain": "alberteinstein@codeforlife.com",
      "first_name_enc": "ZmFrZV9lbmM6cxjaCIzAlkkMHUDsH5abTM5YQEaKld9M8akBYJfeD0nd9Q==",
      "first_name_hash": "Albert",
      "first_name_plain": "Albert",
      "groups": [],
      "is_active": true,
      "is_staff": false,
      "is_superuser": false,
      "last_login": null,
      "last_name_enc": "ZmFrZV9lbmM6r7lDK0VsE5ldlzzBSJHePT/eCAYqA2NuwD+tAreKsBBsrblY",
      "last_name_plain": "Einstein",
      "password": "pbkdf2_sha256$1000000$IOkFLrqDnlDiEoASMl5OSY$C7gzJeOhwbfq/nJp47LaErHOxgA/3DIkaUI93ZUqauc=",
      "user_permissions": [],
      "username_enc": "ZmFrZV9lbmM6ZnfXl2xtzV8eAke+o7zbenHFPOrDHvfa5AbT6n4Wy70NwpuuKqNzHgVv25b/m5LCBo9Iia6TB27+Qw==",
      "username_hash": "alberteinstein@codeforlife.com",
      "username_plain": "alberteinstein@codeforlife.com"
    }
  },
  {
    "model": "user.user",
    "pk": 3,
    "fields": {
      "date_joined": "2026-02-04T16:02:34.252Z",
      "dek": "ZmFrZV9lbmM6V20JnUxKv0GdaX13KdF574HPbkmjD7RJj7/rFr4wQVtQfCIjK2MHcFryVDsMq2eIJ72uaxXc/1FFSkDp",
      "email_enc": "ZmFrZV9lbmM6BrNLwoFWBJUu7Sz7cGMYNLYelaOWP9gU9NAgDgLtJ+g7tX9iUvv4wtpEhRkq/GYcz7MvJYs=",
      "email_hash": "maxplanck@codeforlife.com",
      "email_plain": "maxplanck@codeforlife.com",
      "first_name_enc": "ZmFrZV9lbmM6H9XwvFRZ1d71uxWCBMkpGcHI+MzEaBJyUW+V1AAKwA==",
      "first_name_hash": "Max",
      "first_name_plain": "Max",
      "groups": [],
      "is_active": true,
      "is_staff": false,
      "is_superuser": false,
      "last_login": null,
      "last_name_enc": "ZmFrZV9lbmM6rPLDZg1UZO4lugTV2BmUgn/iNPFw/3DwjGENLMzmYM+KyQ==",
      "last_name_plain": "Planck",
      "password": "pbkdf2_sha256$1000000$QHwukC6Cv822F2nSjQjLu0$09yKE5c8mFVwIHS5BWccM+q33Rs6XSCcc5rik3RD7eY=",
      "user_permissions": [],
      "username_enc": "ZmFrZV9lbmM6d7wGhqCsVa951hzTMqPdDOU77eJ2vwN+pQXS1NXIV+AIaE462g0pEY6/nqHSbPLD5hz/1IM=",
      "username_hash": "maxplanck@codeforlife.com",
      "username_plain": "maxplanck@codeforlife.com"
    }
  },
  {
    "model": "user.user",
    "pk": 4,
    "fields": {
      "date_joined": "2026-02-04T16:02:34.448Z",
      "dek": "ZmFrZV9lbmM6TcuSFYFFWC8rXPukd/0YiijU8IaKU4lHNAHMjD2eDz8ncLZsgebHW5bRnJAx+WvX8vZoCtlDPcHrEAuh",
      "email_enc": "ZmFrZV9lbmM6FeG9+W5ImZo1yjDxZW15j74tPQDJOAqf8eqSU5WXP9cJrR8Xo/t8mBySBfS9ItngDkvKvQ==",
      "email_hash": "ramleith@codeforlife.com",
      "email_plain": "ramleith@codeforlife.com",
      "first_name_enc": "ZmFrZV9lbmM6bWrLwSPLjULsD+0Yjmevpfygil7c2hRJJvVunyslVQ==",
      "first_name_hash": "Ram",
      "first_name_plain": "Ram",
      "groups": [],
      "is_active": true,
      "is_staff": false,
      "is_superuser": false,
      "last_login": null,
      "last_name_enc": "ZmFrZV9lbmM6Gk/a2NK/leukKgeuRBiJETGvWRXIrRwpH30gJpd+OtjO",
      "last_name_plain": "Leith",
      "password": "pbkdf2_sha256$1000000$OcLHQ75ALkslmiUxFwe1Ft$7hpkII5kIi1lytO4PQ0p/6HdtT6//mPcZfZNjROXqrg=",
      "user_permissions": [],
      "username_enc": "ZmFrZV9lbmM64U7Sie6qG8vgpIyNm0/f9sQ7/0kdE0Cmv0VFWOtr+LxHNOTysEIfe4XzpvPfPraCqFMZcg==",
      "username_hash": "ramleith@codeforlife.com",
      "username_plain": "ramleith@codeforlife.com"
    }
  },
  {
    "model": "user.user",
    "pk": 5,
    "fields": {
      "date_joined": "2026-02-04T16:02:34.641Z",
      "dek": "ZmFrZV9lbmM6Muw/vyJnAHIelig6sSUZZCY8bk1SS5TCasFP5Sk7U8o5llwR60mq7jAJoLkVme26sZJ0ULm27NyLEvKm",
      "email_enc": "ZmFrZV9lbmM6SeacloqhzMK4awXydb6cD1HNSJykXy+KektXCyxuy8UwuE1PVWSk2J1/NHe56SglBw/2hh/pzz4R7wo=",
      "email_hash": "leonardodavinci@codeforlife.com",
      "email_plain": "leonardodavinci@codeforlife.com",
      "first_name_enc": "ZmFrZV9lbmM6IuU27zubJ+9iJ1V/OMIHXvzG8r3Qvn8sOI+OqVnBpKUHGXLz",
      "first_name_hash": "Leonardo",
      "first_name_plain": "Leonardo",
      "groups": [],
      "is_active": true,
      "is_staff": false,
      "is_superuser": false,
      "last_login": null,
      "last_name_enc": "ZmFrZV9lbmM6zV9a36Zo9dcToMSymX1+/C/8LvQWQz7HY+UFFW/FGaKYAfw=",
      "last_name_plain": "DaVinci",
      "password": "pbkdf2_sha256$1000000$6QiofvSo5LPJ0DlGshTh0h$XdFmFi/Al5vuhxw02nlZE/rUG8g2uHxFnHXs46XgT/c=",
      "user_permissions": [],
      "username_enc": "ZmFrZV9lbmM6Re7C4RQbGyrvKJEChCRugODsCu5FHy2k/moApVyP8b6whT6BD8PExemrY6sboJvDHlMeUCqdu/cJxIw=",
      "username_hash": "leonardodavinci@codeforlife.com",
      "username_plain": "leonardodavinci@codeforlife.com"
    }
  },
  {
    "model": "user.user",
    "pk": 6,
    "fields": {
      "date_joined": "2026-02-04T16:02:34.839Z",
      "dek": "ZmFrZV9lbmM60JSmixBDvrfWaRyP8idNvMR78k1YyavGZ+lBOARPt05D1PqVrxAP+HK3qajPuD2iizikhEgSh6dF5iyb",
      "email_enc": "ZmFrZV9lbmM6931b7gnEnoZDvP6iqew34ySZJRPOTEslUZdFlY7ip6TcylXe6QPy63P5Hi/WvyxFa5YRzYaElmf+kg==",
      "email_hash": "galileogalilei@codeforlife.com",
      "email_plain": "galileogalilei@codeforlife.com",
      "first_name_enc": "ZmFrZV9lbmM6nwqKKSb3Lva5EenykDxtYDH5o31aeeCcqQHh9qKeZqI0tM8=",
      "first_name_hash": "Galileo",
      "first_name_plain": "Galileo",
      "groups": [],
      "is_active": true,
      "is_staff": false,
      "is_superuser": false,
      "last_login": null,
      "last_name_enc": "ZmFrZV9lbmM6p9EaH/5akInrEWfLfARw+bwItEyDwrwLQaJ8e49UFiYcoA0=",
      "last_name_plain": "Galilei",
      "password": "pbkdf2_sha256$1000000$HF1HBQVpMLdAuYb0vt55r1$gY3+SetJqidFfylntSqmmrtremtNk8QuGeAdlHNqD9A=",
      "user_permissions": [],
      "username_enc": "ZmFrZV9lbmM6/KMldJEB6C2e69GrWht3XspmDOaeog0UotLw93h+cyqyxyucsexlHGwXKcdJ+RGRaYYJShDKhWA+nw==",
      "username_hash": "galileogalilei@codeforlife.com",
      "username_plain": "galileogalilei@codeforlife.com"
    }
  },
  {
    "model": "user.user",
    "pk": 7,
    "fields": {
      "date_joined": "2026-02-04T16:02:35.036Z",
      "dek": "ZmFrZV9lbmM6AgiWjZ7GQyBK5l4VurLVygmXkszQHL3kZhN33iYzyC1HMfWWMVI/ggxa+oNbq2olRmVHguF8uNzBvTo3",
      "email_enc": "ZmFrZV9lbmM6V+NiV5tMQi05iFCWvwCaQrY64wr+ZvSf4TZe3wDKPYjOwEPXKDZYHJlxciscR56hns3EA5NqnA==",
      "email_hash": "isaacnewton@codeforlife.com",
      "email_plain": "isaacnewton@codeforlife.com",
      "first_name_enc": "ZmFrZV9lbmM6oWgAdc8W0DpsFUmcMsItLahGknbtZCUzXIm49+hg0eAx",
      "first_name_hash": "Isaac",
      "first_name_plain": "Isaac",
      "groups": [],
      "is_active": true,
      "is_staff": false,
      "is_superuser": false,
      "last_login": null,
      "last_name_enc": "ZmFrZV9lbmM6zbrAuCxBsIujp5+zEU4aX6pDQpeDOAzv9HxWlX4uD9jP5g==",
      "last_name_plain": "Newton",
      "password": "pbkdf2_sha256$1000000$BUSt8V8F4DwWZPlCZeS1Sc$WMQElSAhvIE7LRHx6lwTde9YG5P74dc7Az+639AHdYc=",
      "user_permissions": [],
      "username_enc": "ZmFrZV9lbmM6VR3v1QFIAewhjbkkNd/l+uJLVqNWGj7oLR4wfPS2SWddEc3L+dCld0or+elPrwuCdpmKWHRpCA==",
      "username_hash": "isaacnewton@codeforlife.com",
      "username_plain": "isaacnewton@codeforlife.com"
    }
  },
  {
    "model": "user.user",
    "pk": 8,
    "fields": {
      "date_joined": "2026-02-04T16:02:35.230Z",
      "dek": "ZmFrZV9lbmM67Iqyt69l+yrc2BMF1r5L+UE0BIUZ0HfFN3baguyKwLTeNtTFj1HOcVJAuFtoV+hvIT+1oY7x0Fqul03j",
      "email_enc": "ZmFrZV9lbmM6MZA1IDS5GgDUg2r2GGwlhhl2KI6a4ldUmxJnUhYf+CaVG88j+Fif9GUuUVoECzUPuFji/XXtk6z7ww==",
      "email_hash": "richardfeynman@codeforlife.com",
      "email_plain": "richardfeynman@codeforlife.com",
      "first_name_enc": "ZmFrZV9lbmM6L7O+Na86IvUA7zGx2CTsA3e3zFgDu5DGUaP3oTxHnIM4B8Y=",
      "first_name_hash": "Richard",
      "first_name_plain": "Richard",
      "groups": [],
      "is_active": true,
      "is_staff": false,
      "is_superuser": false,
      "last_login": null,
      "last_name_enc": "ZmFrZV9lbmM6exx6+6NMUyrQ0Y8e3NYam0tT77IfKD1Q2UYnnuUvD1yiObk=",
      "last_name_plain": "Feynman",
      "password": "pbkdf2_sha256$1000000$TaYcwU3iqPA4c4co14ZYHx$FAwypkSE7UucZod6BY/YY+A4zV4JbySNxDwd4ypOZT8=",
      "user_permissions": [],
      "username_enc": "ZmFrZV9lbmM6a5uF5iFPIDBALK1kSYiqOrZqwoztjvNJ2FibQA2AFTDkZH2Yd61IZb5k67gNFzoplYKqk5XJc4nApg==",
      "username_hash": "richardfeynman@codeforlife.com",
      "username_plain": "richardfeynman@codeforlife.com"
    }
  },
  {
    "model": "user.user",
    "pk": 9,
    "fields": {
      "date_joined": "2026-02-04T16:02:35.422Z",
      "dek": "ZmFrZV9lbmM6hGzSBoLIbLU4BDj32rxVFgg6uArfWek5BfmFo5ZoBjV2MhQN5m0dBvuVjzb0t6fTY5d2nMzlUcdIofrF",
      "email_enc": "ZmFrZV9lbmM6WBCU+G85TAo+BL5mxuqOikX0LMP7Haxaxo3ErrodyjetDUfmEXTWZzjVUex85vvVknWZaFNqtAeSnY0Pew==",
      "email_hash": "alexanderflemming@codeforlife.com",
      "email_plain": "alexanderflemming@codeforlife.com",
      "first_name_enc": "ZmFrZV9lbmM64Ku6tolhaG7mk42C2fqmTjGnTMVI696tGToHjNLY9fqMXYdDRA==",
      "first_name_hash": "Alexander",
      "first_name_plain": "Alexander",
      "groups": [],
      "is_active": true,
      "is_staff": false,
      "is_superuser": false,
      "last_login": null,
      "last_name_enc": "ZmFrZV9lbmM6/lXyokD0m8eaArpMBoQCXzPagtXJBvZgV10eV+nF9tZ8vy24",
      "last_name_plain": "Flemming",
      "password": "pbkdf2_sha256$1000000$mCuu3Ptx9EGmKQ7FSNIqzw$dqwQK/ovljow4iGxfLIQTm8PPR8Iu5AITzQ9tVQxv9w=",
      "user_permissions": [],
      "username_enc": "ZmFrZV9lbmM6lkWjV5uYsZJMOQluqM6aQueGgnGJB/l/zmFb1lcFk9fDvneMOsBgfxXHoQaiB+ab9ELaZnmtnW4CdXaJeA==",
      "username_hash": "alexanderflemming@codeforlife.com",
      "username_plain": "alexanderflemming@codeforlife.com"
    }
  },
  {
    "model": "user.user",
    "pk": 10,
    "fields": {
      "date_joined": "2026-02-04T16:02:35.611Z",
      "dek": "ZmFrZV9lbmM6J4zSpKtOmn7y3Y3C6x4OVGcb+e0E+AW85tNIEZb2pSDinQqzUkft/oBWqEYTqk8llh1JDVFmia1hKBjl",
      "email_enc": "ZmFrZV9lbmM6g+E8W+L89eNKNSX4zxraTesSZwoRglUhZi9kUjDO/saL003dLuvHHw8D7SFvmsWuq2/8NqSa8ibUifM=",
      "email_hash": "danielbernoulli@codeforlife.com",
      "email_plain": "danielbernoulli@codeforlife.com",
      "first_name_enc": "ZmFrZV9lbmM6CCyzcG9ueaeK766Mk/ispFt8y9e6hS45BDSGqunS/jGsXQ==",
      "first_name_hash": "Daniel",
      "first_name_plain": "Daniel",
      "groups": [],
      "is_active": true,
      "is_staff": false,
      "is_superuser": false,
      "last_login": null,
      "last_name_enc": "ZmFrZV9lbmM6CKM8f/HjS639QpdTA3Te2vWMfybRH/f1z2Lbubem0yV4CiPL7w==",
      "last_name_plain": "Bernoulli",
      "password": "pbkdf2_sha256$1000000$isUqjEe0ZtdHC0tDFilALA$k20Gy//4APEqsGNYGa8aQPUTUBqMPKe6hI5GMIWiMnE=",
      "user_permissions": [],
      "username_enc": "ZmFrZV9lbmM60GGoJs+Ljb4YGALyFZG43wNewXX0I81CsPEQBRRGMYfC83FF5n4TlOiexPfDPgGii7Ta2PABv3y0lIs=",
      "username_hash": "danielbernoulli@codeforlife.com",
      "username_plain": "danielbernoulli@codeforlife.com"
    }
  },
  {
    "model": "user.user",
    "pk": 11,
    "fields": {
      "date_joined": "2026-02-04T16:02:35.803Z",
      "dek": "ZmFrZV9lbmM6RJvZthmhY//D7zh7NTsTeIBZxSsBClnGVaP30RcuabLz1xYLUNNnumUOdygscg+BDZwxu8cwTD2anSyk",
      "email_enc": "ZmFrZV9lbmM6ZaPLciiTJp/TpT9xoSRURO2S0tUVyCEZ1eu04oKRsAuQlbIdA11WvKoRps5gQmFaquHGdjKgPNs=",
      "email_hash": "indianajones@codeforlife.com",
      "email_plain": "indianajones@codeforlife.com",
      "first_name_enc": "ZmFrZV9lbmM62VR5RlUjMfvrYtl1HbwD3HlQ/CDbVtGPqQXArSrsrzKJvHQ=",
      "first_name_hash": "Indiana",
      "first_name_plain": "Indiana",
      "groups": [],
      "is_active": true,
      "is_staff": false,
      "is_superuser": false,
      "last_login": null,
      "last_name_enc": "ZmFrZV9lbmM60mP8pNCug0Ss7SP4YUB84F594cYQmR9tmqrKSs6ah/xF",
      "last_name_plain": "Jones",
      "password": "pbkdf2_sha256$1000000$mjbmbYr7G3WRyxxHlDcH6d$w1wf3D0lDP6pF3nSoTUD3vSRioCzPEloW3r8sXnLSJw=",
      "user_permissions": [],
      "username_enc": "ZmFrZV9lbmM6d02DgwYGF05iGr2u55UGXsV0Y8Ph0lYZI93Fsq/MmsWjDaXSYWTgMOfdd36H37S7tnTH79BCwvQ=",
      "username_hash": "indianajones@codeforlife.com",
      "username_plain": "indianajones@codeforlife.com"
    }
  },
  {
    "model": "user.user",
    "pk": 12,
    "fields": {
      "date_joined": "2026-02-04T16:02:35.999Z",
      "dek": "ZmFrZV9lbmM6ODiZ6w5NfOc9/9oP8JH+F0AKguKkTdwnguKY7IUw4yMv7bkTGS0ZDr6lRMeUSB2bUDAAeG/s4o4Rvbsa",
      "first_name_enc": "ZmFrZV9lbmM6qjdnX/HlicfobyXCGa0DCTiIxRWa6R1ANWUdbRWoo44=",
      "first_name_hash": "Noah",
      "first_name_plain": "Noah",
      "groups": [],
      "is_active": true,
      "is_staff": false,
      "is_superuser": false,
      "last_login": null,
      "last_name_enc": "ZmFrZV9lbmM66df/A44tpnJvrDieBhErBA8tbl+vU4CXu8ouwEj6ATtaycd7",
      "last_name_plain": "Monaghan",
      "password": "pbkdf2_sha256$1000000$qm1oQx3HNeIx6dpY1aRzXb$xMKwoqXoW6MuHqoABww+Yq+3A1uwkLbkpaWWytNu6l0=",
      "user_permissions": [],
      "username_enc": "ZmFrZV9lbmM6dzdVh0uuqzt4d4mYu75lKMtvbGMf6IyITOlXKhjZu3SgfBpVBis=",
      "username_hash": "media noah",
      "username_plain": "media noah"
    }
  },
  {
    "model": "user.user",
    "pk": 13,
    "fields": {
      "date_joined": "2026-02-04T16:02:36.195Z",
      "dek": "ZmFrZV9lbmM6E2af4DEGdnVy8AdysOxQWAr/XZjM1paohrFtzwcU8ErHa4Mds1bm5zK1WoPEwxqoEPD99/XZfBuw7/oa",
      "first_name_enc": "ZmFrZV9lbmM6wMXKxJ3w5FzTwXce6kKcZDEwg7F+o+SC6NB4cilLhg8y7Q==",
      "first_name_hash": "Elliot",
      "first_name_plain": "Elliot",
      "groups": [],
      "is_active": true,
      "is_staff": false,
      "is_superuser": false,
      "last_login": null,
      "last_name_enc": "ZmFrZV9lbmM6IfM2EluqCmgu/7llAnKiZQrygjdoPbrHmurvx4ofXGol",
      "last_name_plain": "Sharp",
      "password": "pbkdf2_sha256$1000000$vQZKG1iO3Np3cdOHSrG85F$QnuZLe1KvMt64uWXjz3RKOEnr6owhloxfgs3u8xB6GQ=",
      "user_permissions": [],
      "username_enc": "ZmFrZV9lbmM6c3JtaEfE/nevb8qW4QvvhosAl1kEI6kxSO0R1BslpIcSWnXtil1fCA==",
      "username_hash": "media elliot",
      "username_plain": "media elliot"
    }
  },
  {
    "model": "user.user",
    "pk": 14,
    "fields": {
      "date_joined": "2026-02-04T16:02:36.394Z",
      "dek": "ZmFrZV9lbmM6lHwaHwEAEkTsDE+w+LnUw/c/ra+TdL5/dU9xPFIW92I98HzZg50AxHu4n2lKGe/FTzNrR4uCFzFQ/+IL",
      "first_name_enc": "ZmFrZV9lbmM6b8/ufR1V8Lf0Q/DjwkmUbhufHlXaMsDu8ZhSjHXE6GZOEw==",
      "first_name_hash": "Tajmae",
      "first_name_plain": "Tajmae",
      "groups": [],
      "is_active": true,
      "is_staff": false,
      "is_superuser": false,
      "last_login": null,
      "last_name_enc": "ZmFrZV9lbmM6ToCpZ9CtrgUdAue/aDBkVNpD3TWIcDOMZUcxdsfY3mfWiQ==",
      "last_name_plain": "Joseph",
      "password": "pbkdf2_sha256$1000000$iCO3IsvmN5C8rpX5J0d1ob$TFK2zYume/i4StDly6EUiqFej/sOnuzV/wYE9rgr/cg=",
      "user_permissions": [],
      "username_enc": "ZmFrZV9lbmM6kNHc1cpQe2xOSqtK5YMcurmops5RfUkefafKgVMUzJEev2wnnsn4Mg==",
      "username_hash": "media tajmae",
      "username_plain": "media tajmae"
    }
  },
  {
    "model": "user.user",
    "pk": 15,
    "fields": {
      "date_joined": "2026-02-04T16:02:36.589Z",
      "dek": "ZmFrZV9lbmM6An/cveM3ZXcZM7QxIgYd4WK7/M3yJiWAe8Vo+pc7PL0TNogWsWByiNucIQqlmfIZARMQcJC/p3pJx1QQ",
      "first_name_enc": "ZmFrZV9lbmM6viw5ADvLKNfYxVNxjvEz+JQjZn5HDeEU3YATpMqJR9eXgPA=",
      "first_name_hash": "Carlton",
      "first_name_plain": "Carlton",
      "groups": [],
      "is_active": true,
      "is_staff": false,
      "is_superuser": false,
      "last_login": null,
      "last_name_enc": "ZmFrZV9lbmM618nJnmVfL3V3LsKtnu0o1CpE14Zq06oEuznZFsspapzLhw==",
      "last_name_plain": "Joseph",
      "password": "pbkdf2_sha256$1000000$6Nhm1sHtcMbFdBitdz7nxq$s5i8H7MwdH6SRQ3+DZDDfsPtqxXVDPAC5t67G4FluM4=",
      "user_permissions": [],
      "username_enc": "ZmFrZV9lbmM6xsVTLFXU54XrhibjjdStnsYBCYjovgS/inJmZTjgutvjVcUFCDgXGfk=",
      "username_hash": "media carlton",
      "username_plain": "media carlton"
    }
  },
  {
    "model": "user.user",
    "pk": 16,
    "fields": {
      "date_joined": "2026-02-04T16:02:36.792Z",
      "dek": "ZmFrZV9lbmM6VtLPjgaz4N8xsAHY6fKs7B4Q6dUNJLcu0e8i02/cbPVf+Xcx/OYE//dzmldTRcj0BEhRE5HG6EV9yJGB",
      "first_name_enc": "ZmFrZV9lbmM6CEZG1b1eE/87wkfd9EMm5i8kPk4qNt5Hz3n8szarRJ9A",
      "first_name_hash": "Nadal",
      "first_name_plain": "Nadal",
      "groups": [],
      "is_active": true,
      "is_staff": false,
      "is_superuser": false,
      "last_login": null,
      "last_name_enc": "ZmFrZV9lbmM69AsHsMGmiZZxPeByEwejmRCZCpQ0od8lmAZwu7vpswL5GY74I4+/KAsV7+s=",
      "last_name_plain": "Spencer-Jennings",
      "password": "pbkdf2_sha256$1000000$FRA5lx8xBTO5Rn8J9wwZZW$KiQzLItBM40bzbwRdXpKnrI1uWXv0xsSzTMkFwAewwo=",
      "user_permissions": [],
      "username_enc": "ZmFrZV9lbmM6Th+a1kecFu1fQGNN418qKrTqly0vcdcxgSHrEQ0YNVDOMhw11eFc",
      "username_hash": "media nadal",
      "username_plain": "media nadal"
    }
  },
  {
    "model": "user.user",
    "pk": 17,
    "fields": {
      "date_joined": "2026-02-04T16:02:37.009Z",
      "dek": "ZmFrZV9lbmM6e0QkyGSRPJxtPLH/c5zTXK5jkOET732kHyRwCTpiQhiSqj3Ar80GkMDhWaXGvqx4qpDLrzZDLZftBe/8",
      "first_name_enc": "ZmFrZV9lbmM6OSiszc8GJjWEHEKqoHJ4pe1pBNvyjpKowz+4OhBu2zbDVEg=",
      "first_name_hash": "Freddie",
      "first_name_plain": "Freddie",
      "groups": [],
      "is_active": true,
      "is_staff": false,
      "is_superuser": false,
      "last_login": null,
      "last_name_enc": "ZmFrZV9lbmM6ygjxvvuomv+IjMg/pGBPV+NxJLLuq47LqqCXLXpQjMc=",
      "last_name_plain": "Goff",
      "password": "pbkdf2_sha256$1000000$LAQQycnLxi5rY9QCD15nHw$Ad5r4JEo5CCQrwuD2F12ajXnV/bDSL+FGQ99vM2l0/k=",
      "user_permissions": [],
      "username_enc": "ZmFrZV9lbmM61mDw5ux2UvNkdXwG9daNXXAtv20jmdacSCYck2YSf0eVbg/g9VjoZEc=",
      "username_hash": "media freddie",
      "username_plain": "media freddie"
    }
  },
  {
    "model": "user.user",
    "pk": 18,
    "fields": {
      "date_joined": "2026-02-04T16:02:37.216Z",
      "dek": "ZmFrZV9lbmM6ivzHA5Vfn50gnAP3KwRspc9mnTuE4qCr43qbCfPHpFP5D5YwNqW8OQnDdDwe/o5a9DdNJ3n85j7MpPU2",
      "first_name_enc": "ZmFrZV9lbmM6SnQnSPen90o+t9UISdSTM6UcZZw/lXlnWrzQrOmZzNI=",
      "first_name_hash": "Leon",
      "first_name_plain": "Leon",
      "groups": [],
      "is_active": true,
      "is_staff": false,
      "is_superuser": false,
      "last_login": null,
      "last_name_enc": "ZmFrZV9lbmM6hLfX/17BoOM3BHYMkVCEFG9TFbkJHE89km0s68SW0ROA",
      "last_name_plain": "Scott",
      "password": "pbkdf2_sha256$1000000$XHhBEg6yrF9a6TR487gNrU$DOR6TONr+9q0rLXJwB43UuezRcQkQAmEmoN0nYmm4do=",
      "user_permissions": [],
      "username_enc": "ZmFrZV9lbmM6Py1Muu/alcRyx+xxVZBUGWohkYn1iXSBTTP4xEkKMCSC8l3LHk0=",
      "username_hash": "media leon",
      "username_plain": "media leon"
    }
  },
  {
    "model": "user.user",
    "pk": 19,
    "fields": {
      "date_joined": "2026-02-04T16:02:37.413Z",
      "dek": "ZmFrZV9lbmM648Mk4GDSMJHDA77reE0u/16wjHi8ujc2YxH6XPgOWc4S85G389Y5//r/RJKhonqH7X1pTIhiUZFbHz5F",
      "first_name_enc": "ZmFrZV9lbmM6siBd2IqEZtDQvLUZaDFkKRuRNfUK2RR1gbvCikoZCA+a",
      "first_name_hash": "Betty",
      "first_name_plain": "Betty",
      "groups": [],
      "is_active": true,
      "is_staff": false,
      "is_superuser": false,
      "last_login": null,
      "last_name_enc": "ZmFrZV9lbmM6+bS9FpSuyb1VwGZHfZ46CFGIFwtuXPsUAztHGFt3QXBIoI0=",
      "last_name_plain": "Kessell",
      "password": "pbkdf2_sha256$1000000$ua0WUUCFIijIjxpLdkc25v$mvl+UejCNGop0krujly8TPlMbgWPFVZ42tH+NPDltS4=",
      "user_permissions": [],
      "username_enc": "ZmFrZV9lbmM6zs+6eBdUjP83htxu5X0ril2l0ybWkbbvWWCIpt5K7P1YKhPhog92",
      "username_hash": "media betty",
      "username_plain": "media betty"
    }
  },
  {
    "model": "user.user",
    "pk": 20,
    "fields": {
      "date_joined": "2026-02-04T16:02:37.614Z",
      "dek": "ZmFrZV9lbmM6Ct68dRt74lesvjRcTVtlbUlPC8xt85anig+MaarMMZAUvcFmkJmno57KkQUR8S5/o5ElV9Bpn3RDpxeS",
      "first_name_enc": "ZmFrZV9lbmM6tu2CjLc/ql2JdMGX2btlEuUIQFS5xJ2blZxnywixPuXTMHo=",
      "first_name_hash": "Deleted",
      "first_name_plain": "Deleted",
      "groups": [],
      "is_active": false,
      "is_staff": false,
      "is_superuser": false,
      "last_login": null,
      "last_name_enc": "ZmFrZV9lbmM64c2sEz5oZw1jzLY5+v1wNbJGHlIdjVeXJoEpqs5SnH0=",
      "last_name_plain": "User",
      "password": "pbkdf2_sha256$1000000$o2AfZh0JqqIFRTZGHWEQKV$c1es5kdOakAvCGkeMVgDOX5q+rFhdQgOkMZiKAtqMrk=",
      "user_permissions": [],
      "username_enc": "ZmFrZV9lbmM6CUHzh1YIrzdDJromEpnTGCjcL7DeYJ3JesEWicRQsyj2Xra6Cr4VhmHvvMlQfwB872ZgVX4Luqq3XUiM",
      "username_hash": "4271ee7b7ce94e34a58d1f4e82025280",
      "username_plain": "4271ee7b7ce94e34a58d1f4e82025280"
    }
  },
  {
    "model": "user.user",
    "pk": 21,
    "fields": {
      "date_joined": "2026-02-04T16:02:40.242Z",
      "dek": "ZmFrZV9lbmM6BoYrbuFtVkzXFPjmHBZLlD971sOH30A01sG1em/a2PlmhBmN/i1FPqXZEBXkx9GU/QG5J1EQzGQqM0A3",
      "email_enc": "ZmFrZV9lbmM6sUJ01N1gY9nDk9vUnsjcmj3jYLJH/tiTz/PxfOJqzRNROVEgO+bG5emas/2OB1K/C6pD+DOI7gE=",
      "email_hash": "adminstudent@codeforlife.com",
      "email_plain": "adminstudent@codeforlife.com",
      "first_name_enc": "ZmFrZV9lbmM6Ht9NxrFqe/pGKXhY+w2yEZqImxx9HaI29g+6gtgnKpCCHs+Dgf39",
      "first_name_hash": "Portaladmin",
      "first_name_plain": "Portaladmin",
      "groups": [],
      "is_active": true,
      "is_staff": false,
      "is_superuser": false,
      "last_login": null,
      "last_name_enc": "ZmFrZV9lbmM6SWzMQDDzw9h3ide7VIT3SOMtPs32VLfik6Gd9xy/aJR7p0M=",
      "last_name_plain": "Student",
      "password": "pbkdf2_sha256$1000000$cv54m0PSNCQrH0MBLU56pk$nhGzkqLXL01EEtLAsoAbaWcTxuj1SOrZ7s6rBdA7eZk=",
      "user_permissions": [],
      "username_enc": "ZmFrZV9lbmM6UMPRhH31kXVsmuMtwcm+skahxaQD58cHF5jL6qEsfjQ+p2tve1FYyW+YJoopA0Ii+7l/4qnwO9Y=",
      "username_hash": "adminstudent@codeforlife.com",
      "username_plain": "adminstudent@codeforlife.com"
    }
  }
]
