[
  {
    "model": "user.userprofile",
    "pk": 1,
    "fields": {
      "user": 2,
      "otp_secret": null,
      "last_otp_for_time": null,
      "developer": true,
      "is_verified": true
    }
  },
  {
    "model": "user.userprofile",
    "pk": 2,
    "fields": {
      "user": 3,
      "otp_secret": null,
      "last_otp_for_time": null,
      "developer": false,
      "is_verified": true
    }
  },
  {
    "model": "user.userprofile",
    "pk": 3,
    "fields": {
      "user": 4,
      "otp_secret": null,
      "last_otp_for_time": null,
      "developer": false,
      "is_verified": true
    }
  },
  {
    "model": "user.userprofile",
    "pk": 4,
    "fields": {
      "user": 5,
      "otp_secret": null,
      "last_otp_for_time": null,
      "developer": true,
      "is_verified": true
    }
  },
  {
    "model": "user.userprofile",
    "pk": 5,
    "fields": {
      "user": 6,
      "otp_secret": null,
      "last_otp_for_time": null,
      "developer": false,
      "is_verified": true
    }
  },
  {
    "model": "user.userprofile",
    "pk": 6,
    "fields": {
      "user": 7,
      "otp_secret": null,
      "last_otp_for_time": null,
      "developer": false,
      "is_verified": true
    }
  },
  {
    "model": "user.userprofile",
    "pk": 7,
    "fields": {
      "user": 8,
      "otp_secret": null,
      "last_otp_for_time": null,
      "developer": false,
      "is_verified": true
    }
  },
  {
    "model": "user.userprofile",
    "pk": 8,
    "fields": {
      "user": 9,
      "otp_secret": null,
      "last_otp_for_time": null,
      "developer": false,
      "is_verified": true
    }
  },
  {
    "model": "user.userprofile",
    "pk": 9,
    "fields": {
      "user": 10,
      "otp_secret": null,
      "last_otp_for_time": null,
      "developer": false,
      "is_verified": true
    }
  },
  {
    "model": "user.userprofile",
    "pk": 10,
    "fields": {
      "user": 11,
      "otp_secret": null,
      "last_otp_for_time": null,
      "developer": false,
      "is_verified": true
    }
  },
  {
    "model": "user.userprofile",
    "pk": 11,
    "fields": {
      "user": 12,
      "otp_secret": null,
      "last_otp_for_time": null,
      "developer": false,
      "is_verified": true
    }
  },
  {
    "model": "user.userprofile",
    "pk": 12,
    "fields": {
      "user": 13,
      "otp_secret": null,
      "last_otp_for_time": null,
      "developer": false,
      "is_verified": true
    }
  },
  {
    "model": "user.userprofile",
    "pk": 13,
    "fields": {
      "user": 14,
      "otp_secret": null,
      "last_otp_for_time": null,
      "developer": false,
      "is_verified": true
    }
  },
  {
    "model": "user.userprofile",
    "pk": 14,
    "fields": {
      "user": 15,
      "otp_secret": null,
      "last_otp_for_time": null,
      "developer": false,
      "is_verified": true
    }
  },
  {
    "model": "user.userprofile",
    "pk": 15,
    "fields": {
      "user": 16,
      "otp_secret": null,
      "last_otp_for_time": null,
      "developer": false,
      "is_verified": true
    }
  },
  {
    "model": "user.userprofile",
    "pk": 16,
    "fields": {
      "user": 17,
      "otp_secret": null,
      "last_otp_for_time": null,
      "developer": false,
      "is_verified": true
    }
  },
  {
    "model": "user.userprofile",
    "pk": 17,
    "fields": {
      "user": 18,
      "otp_secret": null,
      "last_otp_for_time": null,
      "developer": false,
      "is_verified": true
    }
  },
  {
    "model": "user.userprofile",
    "pk": 18,
    "fields": {
      "user": 19,
      "otp_secret": null,
      "last_otp_for_time": null,
      "developer": false,
      "is_verified": true
    }
  },
  {
    "model": "user.userprofile",
    "pk": 19,
    "fields": {
      "user": 20,
      "otp_secret": null,
      "last_otp_for_time": null,
      "developer": false,
      "is_verified": true
    }
  },
  {
    "model": "user.userprofile",
    "pk": 20,
    "fields": {
      "user": 1,
      "otp_secret": null,
      "last_otp_for_time": null,
      "developer": false,
      "is_verified": true
    }
  },
  {
    "model": "user.userprofile",
    "pk": 21,
    "fields": {
      "user": 21,
      "otp_secret": null,
      "last_otp_for_time": null,
      "developer": false,
      "is_verified": false
    }
  },
  {
    "model": "user.school",
    "pk": 1,
    "fields": {
      "country": "GB",
      "county": "nan",
      "creation_time": null,
      "dek": "ZmFrZV9lbmM6VHpkNWFFZzVaVUozVEdNM1MyRkJXV042YUVkcVUwWnZWVzV4YWtaaVNFbz0=",
      "is_active": true,
      "name_enc": "ZmFrZV9lbmM6VTNkcGMzTWdSbVZrWlhKaGJDQlFiMng1ZEdWamFHNXBZdz09",
      "name_plain": "Swiss Federal Polytechnic"
    }
  },
  {
    "model": "user.teacher",
    "pk": 1,
    "fields": {
      "user": 1,
      "new_user": 2,
      "school": 1,
      "is_admin": true,
      "blocked_time": null,
      "invited_by": null
    }
  },
  {
    "model": "user.teacher",
    "pk": 2,
    "fields": {
      "user": 2,
      "new_user": 3,
      "school": 1,
      "is_admin": false,
      "blocked_time": null,
      "invited_by": null
    }
  },
  {
    "model": "user.teacher",
    "pk": 3,
    "fields": {
      "user": 3,
      "new_user": 4,
      "school": 1,
      "is_admin": true,
      "blocked_time": null,
      "invited_by": null
    }
  },
  {
    "model": "user.teacher",
    "pk": 4,
    "fields": {
      "user": 20,
      "new_user": 1,
      "school": 1,
      "is_admin": true,
      "blocked_time": null,
      "invited_by": null
    }
  },
  {
    "model": "user.class",
    "pk": 1,
    "fields": {
      "accept_requests_until": null,
      "access_code_enc": "ZmFrZV9lbmM6UVVJeE1qTT0=",
      "access_code_hash": "AB123",
      "access_code_plain": "AB123",
      "always_accept_requests": true,
      "classmates_data_viewable": true,
      "created_by": null,
      "creation_time": null,
      "is_active": true,
      "name_enc": "ZmFrZV9lbmM6UTJ4aGMzTWdNVEF4",
      "name_plain": "Class 101",
      "teacher": 1
    }
  },
  {
    "model": "user.class",
    "pk": 2,
    "fields": {
      "accept_requests_until": null,
      "access_code_enc": "ZmFrZV9lbmM6UVVJeE1qUT0=",
      "access_code_hash": "AB124",
      "access_code_plain": "AB124",
      "always_accept_requests": true,
      "classmates_data_viewable": true,
      "created_by": null,
      "creation_time": null,
      "is_active": true,
      "name_enc": "ZmFrZV9lbmM6UTJ4aGMzTWdNVEF5",
      "name_plain": "Class 102",
      "teacher": 2
    }
  },
  {
    "model": "user.class",
    "pk": 3,
    "fields": {
      "accept_requests_until": null,
      "access_code_enc": "ZmFrZV9lbmM6UVVJeE1qVT0=",
      "access_code_hash": "AB125",
      "access_code_plain": "AB125",
      "always_accept_requests": true,
      "classmates_data_viewable": true,
      "created_by": null,
      "creation_time": null,
      "is_active": true,
      "name_enc": "ZmFrZV9lbmM6UTJ4aGMzTWdNVEF6",
      "name_plain": "Class 103",
      "teacher": 2
    }
  },
  {
    "model": "user.class",
    "pk": 4,
    "fields": {
      "accept_requests_until": null,
      "access_code_enc": "ZmFrZV9lbmM6VWt3eE1qTT0=",
      "access_code_hash": "RL123",
      "access_code_plain": "RL123",
      "always_accept_requests": true,
      "classmates_data_viewable": true,
      "created_by": null,
      "creation_time": null,
      "is_active": true,
      "name_enc": "ZmFrZV9lbmM6V1c5MWJtY2dRMjlrWlhKeklERXdNUT09",
      "name_plain": "Young Coders 101",
      "teacher": 3
    }
  },
  {
    "model": "user.class",
    "pk": 5,
    "fields": {
      "accept_requests_until": null,
      "access_code_enc": "ZmFrZV9lbmM6VUU4eE1qTT0=",
      "access_code_hash": "PO123",
      "access_code_plain": "PO123",
      "always_accept_requests": true,
      "classmates_data_viewable": true,
      "created_by": null,
      "creation_time": null,
      "is_active": true,
      "name_enc": "ZmFrZV9lbmM6VUc5eWRHRnNZV1J0YVc0bmN5QmpiR0Z6Y3c9PQ==",
      "name_plain": "Portaladmin's class",
      "teacher": 4
    }
  },
  {
    "model": "user.student",
    "pk": 1,
    "fields": {
      "class_field": 1,
      "login_id": null,
      "user": 4,
      "new_user": 5,
      "pending_class_request": null,
      "blocked_time": null
    }
  },
  {
    "model": "user.student",
    "pk": 2,
    "fields": {
      "class_field": 1,
      "login_id": null,
      "user": 5,
      "new_user": 6,
      "pending_class_request": null,
      "blocked_time": null
    }
  },
  {
    "model": "user.student",
    "pk": 3,
    "fields": {
      "class_field": null,
      "login_id": null,
      "user": 6,
      "new_user": 7,
      "pending_class_request": null,
      "blocked_time": null
    }
  },
  {
    "model": "user.student",
    "pk": 4,
    "fields": {
      "class_field": 2,
      "login_id": null,
      "user": 7,
      "new_user": 8,
      "pending_class_request": null,
      "blocked_time": null
    }
  },
  {
    "model": "user.student",
    "pk": 5,
    "fields": {
      "class_field": 2,
      "login_id": null,
      "user": 8,
      "new_user": 9,
      "pending_class_request": null,
      "blocked_time": null
    }
  },
  {
    "model": "user.student",
    "pk": 6,
    "fields": {
      "class_field": 3,
      "login_id": null,
      "user": 9,
      "new_user": 10,
      "pending_class_request": null,
      "blocked_time": null
    }
  },
  {
    "model": "user.student",
    "pk": 7,
    "fields": {
      "class_field": null,
      "login_id": null,
      "user": 10,
      "new_user": 11,
      "pending_class_request": null,
      "blocked_time": null
    }
  },
  {
    "model": "user.student",
    "pk": 8,
    "fields": {
      "class_field": 4,
      "login_id": null,
      "user": 11,
      "new_user": 12,
      "pending_class_request": null,
      "blocked_time": null
    }
  },
  {
    "model": "user.student",
    "pk": 9,
    "fields": {
      "class_field": 4,
      "login_id": null,
      "user": 12,
      "new_user": 13,
      "pending_class_request": null,
      "blocked_time": null
    }
  },
  {
    "model": "user.student",
    "pk": 10,
    "fields": {
      "class_field": 4,
      "login_id": null,
      "user": 13,
      "new_user": 14,
      "pending_class_request": null,
      "blocked_time": null
    }
  },
  {
    "model": "user.student",
    "pk": 11,
    "fields": {
      "class_field": 4,
      "login_id": null,
      "user": 14,
      "new_user": 15,
      "pending_class_request": null,
      "blocked_time": null
    }
  },
  {
    "model": "user.student",
    "pk": 12,
    "fields": {
      "class_field": 4,
      "login_id": null,
      "user": 15,
      "new_user": 16,
      "pending_class_request": null,
      "blocked_time": null
    }
  },
  {
    "model": "user.student",
    "pk": 13,
    "fields": {
      "class_field": 4,
      "login_id": null,
      "user": 16,
      "new_user": 17,
      "pending_class_request": null,
      "blocked_time": null
    }
  },
  {
    "model": "user.student",
    "pk": 14,
    "fields": {
      "class_field": 4,
      "login_id": null,
      "user": 17,
      "new_user": 18,
      "pending_class_request": null,
      "blocked_time": null
    }
  },
  {
    "model": "user.student",
    "pk": 15,
    "fields": {
      "class_field": 4,
      "login_id": null,
      "user": 18,
      "new_user": 19,
      "pending_class_request": null,
      "blocked_time": null
    }
  },
  {
    "model": "user.student",
    "pk": 16,
    "fields": {
      "class_field": 5,
      "login_id": null,
      "user": 21,
      "new_user": 21,
      "pending_class_request": null,
      "blocked_time": null
    }
  },
  {
    "model": "user.totalactivity",
    "pk": 1,
    "fields": {
      "teacher_registrations": 4,
      "student_registrations": 14,
      "independent_registrations": 2,
      "anonymised_unverified_teachers": 0,
      "anonymised_unverified_independents": 0
    }
  },
  {
    "model": "user.user",
    "pk": 1,
    "fields": {
      "date_joined": "2026-02-04T16:02:33.631Z",
      "dek": "ZmFrZV9lbmM6UkZkTlNrYzVhR05aVlZwRVZFaFlTMHhUVTJnMlVVbzNORVZUZERjeFIxTT0=",
      "email_enc": "ZmFrZV9lbmM6WTI5a1pXWnZjbXhwWm1VdGNHOXlkR0ZzUUc5allXUnZMbU52YlE9PQ==",
      "email_hash": "codeforlife-portal@ocado.com",
      "email_plain": "codeforlife-portal@ocado.com",
      "first_name_enc": "ZmFrZV9lbmM6VUc5eWRHRnM=",
      "first_name_hash": "Portal",
      "first_name_plain": "Portal",
      "groups": [],
      "is_active": true,
      "is_staff": true,
      "is_superuser": true,
      "last_login": null,
      "last_name_enc": "ZmFrZV9lbmM6UVdSdGFXND0=",
      "last_name_plain": "Admin",
      "password": "pbkdf2_sha256$1000000$y2lUeK8u5GnocWVuonlViT$TnNTL7sG9pcvz6MotXSSptrHdQzAFxmLnqNbj7syLS4=",
      "user_permissions": []
    }
  },
  {
    "model": "user.user",
    "pk": 2,
    "fields": {
      "date_joined": "2026-02-04T16:02:34.051Z",
      "dek": "ZmFrZV9lbmM6VlZkaFpuUlZha2hNUjJGTU5XSlNaR3hsVUhFMVkzSjBNR1l4TUZwa1IxQT0=",
      "email_enc": "ZmFrZV9lbmM6WVd4aVpYSjBaV2x1YzNSbGFXNUFZMjlrWldadmNteHBabVV1WTI5dA==",
      "email_hash": "alberteinstein@codeforlife.com",
      "email_plain": "alberteinstein@codeforlife.com",
      "first_name_enc": "ZmFrZV9lbmM6UVd4aVpYSjA=",
      "first_name_hash": "Albert",
      "first_name_plain": "Albert",
      "groups": [],
      "is_active": true,
      "is_staff": false,
      "is_superuser": false,
      "last_login": null,
      "last_name_enc": "ZmFrZV9lbmM6UldsdWMzUmxhVzQ9",
      "last_name_plain": "Einstein",
      "password": "pbkdf2_sha256$1000000$IOkFLrqDnlDiEoASMl5OSY$C7gzJeOhwbfq/nJp47LaErHOxgA/3DIkaUI93ZUqauc=",
      "user_permissions": []
    }
  },
  {
    "model": "user.user",
    "pk": 3,
    "fields": {
      "date_joined": "2026-02-04T16:02:34.252Z",
      "dek": "ZmFrZV9lbmM6ZDIwMmQyaGFNMlJHWWxNM2EyaEVaVlZUTXpGbFRsZEhUMjlrTnpoMmRUaz0=",
      "email_enc": "ZmFrZV9lbmM6YldGNGNHeGhibU5yUUdOdlpHVm1iM0pzYVdabExtTnZiUT09",
      "email_hash": "maxplanck@codeforlife.com",
      "email_plain": "maxplanck@codeforlife.com",
      "first_name_enc": "ZmFrZV9lbmM6VFdGNA==",
      "first_name_hash": "Max",
      "first_name_plain": "Max",
      "groups": [],
      "is_active": true,
      "is_staff": false,
      "is_superuser": false,
      "last_login": null,
      "last_name_enc": "ZmFrZV9lbmM6VUd4aGJtTnI=",
      "last_name_plain": "Planck",
      "password": "pbkdf2_sha256$1000000$QHwukC6Cv822F2nSjQjLu0$09yKE5c8mFVwIHS5BWccM+q33Rs6XSCcc5rik3RD7eY=",
      "user_permissions": []
    }
  },
  {
    "model": "user.user",
    "pk": 4,
    "fields": {
      "date_joined": "2026-02-04T16:02:34.448Z",
      "dek": "ZmFrZV9lbmM6WW5CTGJHRnBSMDVrVGt4eVFWbFljMDU2VjJwM1dqWmlia2xPUlhwVVdqVT0=",
      "email_enc": "ZmFrZV9lbmM6Y21GdGJHVnBkR2hBWTI5a1pXWnZjbXhwWm1VdVkyOXQ=",
      "email_hash": "ramleith@codeforlife.com",
      "email_plain": "ramleith@codeforlife.com",
      "first_name_enc": "ZmFrZV9lbmM6VW1GdA==",
      "first_name_hash": "Ram",
      "first_name_plain": "Ram",
      "groups": [],
      "is_active": true,
      "is_staff": false,
      "is_superuser": false,
      "last_login": null,
      "last_name_enc": "ZmFrZV9lbmM6VEdWcGRHZz0=",
      "last_name_plain": "Leith",
      "password": "pbkdf2_sha256$1000000$OcLHQ75ALkslmiUxFwe1Ft$7hpkII5kIi1lytO4PQ0p/6HdtT6//mPcZfZNjROXqrg=",
      "user_permissions": []
    }
  },
  {
    "model": "user.user",
    "pk": 5,
    "fields": {
      "date_joined": "2026-02-04T16:02:34.641Z",
      "dek": "ZmFrZV9lbmM6ZVhsRFZWQkRXWEJVVWxvM1QzbDJhM05yV0VkblIyUldRVlpHVG5CVVRqST0=",
      "email_enc": "ZmFrZV9lbmM6YkdWdmJtRnlaRzlrWVhacGJtTnBRR052WkdWbWIzSnNhV1psTG1OdmJRPT0=",
      "email_hash": "leonardodavinci@codeforlife.com",
      "email_plain": "leonardodavinci@codeforlife.com",
      "first_name_enc": "ZmFrZV9lbmM6VEdWdmJtRnlaRzg9",
      "first_name_hash": "Leonardo",
      "first_name_plain": "Leonardo",
      "groups": [],
      "is_active": true,
      "is_staff": false,
      "is_superuser": false,
      "last_login": null,
      "last_name_enc": "ZmFrZV9lbmM6UkdGV2FXNWphUT09",
      "last_name_plain": "DaVinci",
      "password": "pbkdf2_sha256$1000000$6QiofvSo5LPJ0DlGshTh0h$XdFmFi/Al5vuhxw02nlZE/rUG8g2uHxFnHXs46XgT/c=",
      "user_permissions": []
    }
  },
  {
    "model": "user.user",
    "pk": 6,
    "fields": {
      "date_joined": "2026-02-04T16:02:34.839Z",
      "dek": "ZmFrZV9lbmM6ZW10aVZtbHVibWxpYXpKSmMxUlhWWHBzTmsxMFRYcHZkblJOV1hGUGJERT0=",
      "email_enc": "ZmFrZV9lbmM6WjJGc2FXeGxiMmRoYkdsc1pXbEFZMjlrWldadmNteHBabVV1WTI5dA==",
      "email_hash": "galileogalilei@codeforlife.com",
      "email_plain": "galileogalilei@codeforlife.com",
      "first_name_enc": "ZmFrZV9lbmM6UjJGc2FXeGxidz09",
      "first_name_hash": "Galileo",
      "first_name_plain": "Galileo",
      "groups": [],
      "is_active": true,
      "is_staff": false,
      "is_superuser": false,
      "last_login": null,
      "last_name_enc": "ZmFrZV9lbmM6UjJGc2FXeGxhUT09",
      "last_name_plain": "Galilei",
      "password": "pbkdf2_sha256$1000000$HF1HBQVpMLdAuYb0vt55r1$gY3+SetJqidFfylntSqmmrtremtNk8QuGeAdlHNqD9A=",
      "user_permissions": []
    }
  },
  {
    "model": "user.user",
    "pk": 7,
    "fields": {
      "date_joined": "2026-02-04T16:02:35.036Z",
      "dek": "ZmFrZV9lbmM6VGtWVWVHeFlXSEpaUTBKcGJFVk9TV3hYWkhCSmRtbERRa2h3WmtKQ01FUT0=",
      "email_enc": "ZmFrZV9lbmM6YVhOaFlXTnVaWGQwYjI1QVkyOWtaV1p2Y214cFptVXVZMjl0",
      "email_hash": "isaacnewton@codeforlife.com",
      "email_plain": "isaacnewton@codeforlife.com",
      "first_name_enc": "ZmFrZV9lbmM6U1hOaFlXTT0=",
      "first_name_hash": "Isaac",
      "first_name_plain": "Isaac",
      "groups": [],
      "is_active": true,
      "is_staff": false,
      "is_superuser": false,
      "last_login": null,
      "last_name_enc": "ZmFrZV9lbmM6VG1WM2RHOXU=",
      "last_name_plain": "Newton",
      "password": "pbkdf2_sha256$1000000$BUSt8V8F4DwWZPlCZeS1Sc$WMQElSAhvIE7LRHx6lwTde9YG5P74dc7Az+639AHdYc=",
      "user_permissions": []
    }
  },
  {
    "model": "user.user",
    "pk": 8,
    "fields": {
      "date_joined": "2026-02-04T16:02:35.230Z",
      "dek": "ZmFrZV9lbmM6U1ZCNFNVbFRkR1JvY2xodmRGSXpOM0ZrYmpsb2MycGFXblZTTVZaemFWWT0=",
      "email_enc": "ZmFrZV9lbmM6Y21samFHRnlaR1psZVc1dFlXNUFZMjlrWldadmNteHBabVV1WTI5dA==",
      "email_hash": "richardfeynman@codeforlife.com",
      "email_plain": "richardfeynman@codeforlife.com",
      "first_name_enc": "ZmFrZV9lbmM6VW1samFHRnlaQT09",
      "first_name_hash": "Richard",
      "first_name_plain": "Richard",
      "groups": [],
      "is_active": true,
      "is_staff": false,
      "is_superuser": false,
      "last_login": null,
      "last_name_enc": "ZmFrZV9lbmM6Um1WNWJtMWhiZz09",
      "last_name_plain": "Feynman",
      "password": "pbkdf2_sha256$1000000$TaYcwU3iqPA4c4co14ZYHx$FAwypkSE7UucZod6BY/YY+A4zV4JbySNxDwd4ypOZT8=",
      "user_permissions": []
    }
  },
  {
    "model": "user.user",
    "pk": 9,
    "fields": {
      "date_joined": "2026-02-04T16:02:35.422Z",
      "dek": "ZmFrZV9lbmM6YVc5eFlYcHVjMWsxVEZWVFRXaFRRVFpEVkhWMWNUZG9abmR5UVRCT2RERT0=",
      "email_enc": "ZmFrZV9lbmM6WVd4bGVHRnVaR1Z5Wm14bGJXMXBibWRBWTI5a1pXWnZjbXhwWm1VdVkyOXQ=",
      "email_hash": "alexanderflemming@codeforlife.com",
      "email_plain": "alexanderflemming@codeforlife.com",
      "first_name_enc": "ZmFrZV9lbmM6UVd4bGVHRnVaR1Z5",
      "first_name_hash": "Alexander",
      "first_name_plain": "Alexander",
      "groups": [],
      "is_active": true,
      "is_staff": false,
      "is_superuser": false,
      "last_login": null,
      "last_name_enc": "ZmFrZV9lbmM6Um14bGJXMXBibWM9",
      "last_name_plain": "Flemming",
      "password": "pbkdf2_sha256$1000000$mCuu3Ptx9EGmKQ7FSNIqzw$dqwQK/ovljow4iGxfLIQTm8PPR8Iu5AITzQ9tVQxv9w=",
      "user_permissions": []
    }
  },
  {
    "model": "user.user",
    "pk": 10,
    "fields": {
      "date_joined": "2026-02-04T16:02:35.611Z",
      "dek": "ZmFrZV9lbmM6WjJscWNqWlFRbEZCVkZCaGVsRTRWVFl3ZDBWRFltbEROM2x4UXpCQmVGUT0=",
      "email_enc": "ZmFrZV9lbmM6WkdGdWFXVnNZbVZ5Ym05MWJHeHBRR052WkdWbWIzSnNhV1psTG1OdmJRPT0=",
      "email_hash": "danielbernoulli@codeforlife.com",
      "email_plain": "danielbernoulli@codeforlife.com",
      "first_name_enc": "ZmFrZV9lbmM6UkdGdWFXVnM=",
      "first_name_hash": "Daniel",
      "first_name_plain": "Daniel",
      "groups": [],
      "is_active": true,
      "is_staff": false,
      "is_superuser": false,
      "last_login": null,
      "last_name_enc": "ZmFrZV9lbmM6UW1WeWJtOTFiR3hw",
      "last_name_plain": "Bernoulli",
      "password": "pbkdf2_sha256$1000000$isUqjEe0ZtdHC0tDFilALA$k20Gy//4APEqsGNYGa8aQPUTUBqMPKe6hI5GMIWiMnE=",
      "user_permissions": []
    }
  },
  {
    "model": "user.user",
    "pk": 11,
    "fields": {
      "date_joined": "2026-02-04T16:02:35.803Z",
      "dek": "ZmFrZV9lbmM6UW5KQ2JUYzFSRU54VVhCd05rRmxka2w0ZVRoMFdGWkhhbEpCUzBnMGRuWT0=",
      "email_enc": "ZmFrZV9lbmM6YVc1a2FXRnVZV3B2Ym1WelFHTnZaR1ZtYjNKc2FXWmxMbU52YlE9PQ==",
      "email_hash": "indianajones@codeforlife.com",
      "email_plain": "indianajones@codeforlife.com",
      "first_name_enc": "ZmFrZV9lbmM6U1c1a2FXRnVZUT09",
      "first_name_hash": "Indiana",
      "first_name_plain": "Indiana",
      "groups": [],
      "is_active": true,
      "is_staff": false,
      "is_superuser": false,
      "last_login": null,
      "last_name_enc": "ZmFrZV9lbmM6U205dVpYTT0=",
      "last_name_plain": "Jones",
      "password": "pbkdf2_sha256$1000000$mjbmbYr7G3WRyxxHlDcH6d$w1wf3D0lDP6pF3nSoTUD3vSRioCzPEloW3r8sXnLSJw=",
      "user_permissions": []
    }
  },
  {
    "model": "user.user",
    "pk": 12,
    "fields": {
      "date_joined": "2026-02-04T16:02:35.999Z",
      "dek": "ZmFrZV9lbmM6TVhGU1NtSlhaVkpwYlRWWVR6QTNlVE5UV2xaNWRHNUlkbFJtVG1GMVJHVT0=",
      "first_name_enc": "ZmFrZV9lbmM6VG05aGFBPT0=",
      "first_name_hash": "Noah",
      "first_name_plain": "Noah",
      "groups": [],
      "is_active": true,
      "is_staff": false,
      "is_superuser": false,
      "last_login": null,
      "last_name_enc": "ZmFrZV9lbmM6VFc5dVlXZG9ZVzQ9",
      "last_name_plain": "Monaghan",
      "password": "pbkdf2_sha256$1000000$qm1oQx3HNeIx6dpY1aRzXb$xMKwoqXoW6MuHqoABww+Yq+3A1uwkLbkpaWWytNu6l0=",
      "user_permissions": []
    }
  },
  {
    "model": "user.user",
    "pk": 13,
    "fields": {
      "date_joined": "2026-02-04T16:02:36.195Z",
      "dek": "ZmFrZV9lbmM6ZFZwVmRGbHpTVkoxTkVaMU5XRk9WMDlwV25CS1EzVlRaR28yV2tac1QzVT0=",
      "first_name_enc": "ZmFrZV9lbmM6Uld4c2FXOTA=",
      "first_name_hash": "Elliot",
      "first_name_plain": "Elliot",
      "groups": [],
      "is_active": true,
      "is_staff": false,
      "is_superuser": false,
      "last_login": null,
      "last_name_enc": "ZmFrZV9lbmM6VTJoaGNuQT0=",
      "last_name_plain": "Sharp",
      "password": "pbkdf2_sha256$1000000$vQZKG1iO3Np3cdOHSrG85F$QnuZLe1KvMt64uWXjz3RKOEnr6owhloxfgs3u8xB6GQ=",
      "user_permissions": []
    }
  },
  {
    "model": "user.user",
    "pk": 14,
    "fields": {
      "date_joined": "2026-02-04T16:02:36.394Z",
      "dek": "ZmFrZV9lbmM6UW1sWlVsSjNNM0JHVW1Sd1puQkNaVU4xUkdSVGVHRk1kV2x5ZFRoUGNFST0=",
      "first_name_enc": "ZmFrZV9lbmM6VkdGcWJXRmw=",
      "first_name_hash": "Tajmae",
      "first_name_plain": "Tajmae",
      "groups": [],
      "is_active": true,
      "is_staff": false,
      "is_superuser": false,
      "last_login": null,
      "last_name_enc": "ZmFrZV9lbmM6U205elpYQm8=",
      "last_name_plain": "Joseph",
      "password": "pbkdf2_sha256$1000000$iCO3IsvmN5C8rpX5J0d1ob$TFK2zYume/i4StDly6EUiqFej/sOnuzV/wYE9rgr/cg=",
      "user_permissions": []
    }
  },
  {
    "model": "user.user",
    "pk": 15,
    "fields": {
      "date_joined": "2026-02-04T16:02:36.589Z",
      "dek": "ZmFrZV9lbmM6ZEhWRlUxSjFZMUpxZFdoaU5XTnNiWEpqZVdSUVdFdGtOVWhFVkVGVWRrND0=",
      "first_name_enc": "ZmFrZV9lbmM6UTJGeWJIUnZiZz09",
      "first_name_hash": "Carlton",
      "first_name_plain": "Carlton",
      "groups": [],
      "is_active": true,
      "is_staff": false,
      "is_superuser": false,
      "last_login": null,
      "last_name_enc": "ZmFrZV9lbmM6U205elpYQm8=",
      "last_name_plain": "Joseph",
      "password": "pbkdf2_sha256$1000000$6Nhm1sHtcMbFdBitdz7nxq$s5i8H7MwdH6SRQ3+DZDDfsPtqxXVDPAC5t67G4FluM4=",
      "user_permissions": []
    }
  },
  {
    "model": "user.user",
    "pk": 16,
    "fields": {
      "date_joined": "2026-02-04T16:02:36.792Z",
      "dek": "ZmFrZV9lbmM6TW5SM1FUQnNUMlJ2VFU1RFQwUllVSEp1VFc1aWQxSmxOWHBqVDJKeFZtTT0=",
      "first_name_enc": "ZmFrZV9lbmM6VG1Ga1lXdz0=",
      "first_name_hash": "Nadal",
      "first_name_plain": "Nadal",
      "groups": [],
      "is_active": true,
      "is_staff": false,
      "is_superuser": false,
      "last_login": null,
      "last_name_enc": "ZmFrZV9lbmM6VTNCbGJtTmxjaTFLWlc1dWFXNW5jdz09",
      "last_name_plain": "Spencer-Jennings",
      "password": "pbkdf2_sha256$1000000$FRA5lx8xBTO5Rn8J9wwZZW$KiQzLItBM40bzbwRdXpKnrI1uWXv0xsSzTMkFwAewwo=",
      "user_permissions": []
    }
  },
  {
    "model": "user.user",
    "pk": 17,
    "fields": {
      "date_joined": "2026-02-04T16:02:37.009Z",
      "dek": "ZmFrZV9lbmM6UlZKbll6UjJhM1JPU2tvemRIQTVSRUZZYUZsMGFtOVZla05HYzI5bmQyaz0=",
      "first_name_enc": "ZmFrZV9lbmM6Um5KbFpHUnBaUT09",
      "first_name_hash": "Freddie",
      "first_name_plain": "Freddie",
      "groups": [],
      "is_active": true,
      "is_staff": false,
      "is_superuser": false,
      "last_login": null,
      "last_name_enc": "ZmFrZV9lbmM6UjI5bVpnPT0=",
      "last_name_plain": "Goff",
      "password": "pbkdf2_sha256$1000000$LAQQycnLxi5rY9QCD15nHw$Ad5r4JEo5CCQrwuD2F12ajXnV/bDSL+FGQ99vM2l0/k=",
      "user_permissions": []
    }
  },
  {
    "model": "user.user",
    "pk": 18,
    "fields": {
      "date_joined": "2026-02-04T16:02:37.216Z",
      "dek": "ZmFrZV9lbmM6YzIxdGRIbzVRbEkyVlRKdVRVVk1lSFE1TmtRMFFXeFVUamRaYldWbFpFUT0=",
      "first_name_enc": "ZmFrZV9lbmM6VEdWdmJnPT0=",
      "first_name_hash": "Leon",
      "first_name_plain": "Leon",
      "groups": [],
      "is_active": true,
      "is_staff": false,
      "is_superuser": false,
      "last_login": null,
      "last_name_enc": "ZmFrZV9lbmM6VTJOdmRIUT0=",
      "last_name_plain": "Scott",
      "password": "pbkdf2_sha256$1000000$XHhBEg6yrF9a6TR487gNrU$DOR6TONr+9q0rLXJwB43UuezRcQkQAmEmoN0nYmm4do=",
      "user_permissions": []
    }
  },
  {
    "model": "user.user",
    "pk": 19,
    "fields": {
      "date_joined": "2026-02-04T16:02:37.413Z",
      "dek": "ZmFrZV9lbmM6T0VoaU5rRTVWalZTVUVkbVpVTlllRmhOVlVoVVZVRnVUR1pvVVU5bVUybz0=",
      "first_name_enc": "ZmFrZV9lbmM6UW1WMGRIaz0=",
      "first_name_hash": "Betty",
      "first_name_plain": "Betty",
      "groups": [],
      "is_active": true,
      "is_staff": false,
      "is_superuser": false,
      "last_login": null,
      "last_name_enc": "ZmFrZV9lbmM6UzJWemMyVnNiQT09",
      "last_name_plain": "Kessell",
      "password": "pbkdf2_sha256$1000000$ua0WUUCFIijIjxpLdkc25v$mvl+UejCNGop0krujly8TPlMbgWPFVZ42tH+NPDltS4=",
      "user_permissions": []
    }
  },
  {
    "model": "user.user",
    "pk": 20,
    "fields": {
      "date_joined": "2026-02-04T16:02:37.614Z",
      "dek": "ZmFrZV9lbmM6Y25SMVIwYzNNbXBVUWtkTk1IVmhjMUI2YVdWb2VtNVBaRUUyVFdsMldrcz0=",
      "first_name_enc": "ZmFrZV9lbmM6UkdWc1pYUmxaQT09",
      "first_name_hash": "Deleted",
      "first_name_plain": "Deleted",
      "groups": [],
      "is_active": false,
      "is_staff": false,
      "is_superuser": false,
      "last_login": null,
      "last_name_enc": "ZmFrZV9lbmM6VlhObGNnPT0=",
      "last_name_plain": "User",
      "password": "pbkdf2_sha256$1000000$o2AfZh0JqqIFRTZGHWEQKV$c1es5kdOakAvCGkeMVgDOX5q+rFhdQgOkMZiKAtqMrk=",
      "user_permissions": []
    }
  },
  {
    "model": "user.user",
    "pk": 21,
    "fields": {
      "date_joined": "2026-02-04T16:02:40.242Z",
      "dek": "ZmFrZV9lbmM6WmtGRFlYQjBUek5OU1VjeGVXczNVbmRTVmxsRGRtOXlWREZzVFU5Q1dqQT0=",
      "email_enc": "ZmFrZV9lbmM6WVdSdGFXNXpkSFZrWlc1MFFHTnZaR1ZtYjNKc2FXWmxMbU52YlE9PQ==",
      "email_hash": "adminstudent@codeforlife.com",
      "email_plain": "adminstudent@codeforlife.com",
      "first_name_enc": "ZmFrZV9lbmM6VUc5eWRHRnNZV1J0YVc0PQ==",
      "first_name_hash": "Portaladmin",
      "first_name_plain": "Portaladmin",
      "groups": [],
      "is_active": true,
      "is_staff": false,
      "is_superuser": false,
      "last_login": null,
      "last_name_enc": "ZmFrZV9lbmM6VTNSMVpHVnVkQT09",
      "last_name_plain": "Student",
      "password": "pbkdf2_sha256$1000000$cv54m0PSNCQrH0MBLU56pk$nhGzkqLXL01EEtLAsoAbaWcTxuj1SOrZ7s6rBdA7eZk=",
      "user_permissions": []
    }
  }
]
